Index;Gender;Place;Location;Date;Type;Label
Usuario1221;Male;Islas Marietas;Occidente;2013-12;Family;5
Usuario4;Female;Bahia de Matanchen;Centro;2019-04;Friends;5
Usuario9;Male;Bahia de Matanchen;Noreste;2014-12;Family;5
Usuario870;Male;Islas Marietas;Estados Unidos;2014-12;Alone;5
Usuario616;Female;Islas Marietas;Centro;2014-07;Couple;5
Usuario2121;Male;The Jazz Foundation;Estados Unidos;2016-05;Family;5
Usuario704;Female;Islas Marietas;Centro;2015-01;Couple;5
Usuario1079;Male;Islas Marietas;Noreste;2016-01;Family;5
Usuario1526;Male;Manantial La Tovara;Estados Unidos;2018-12;Couple;5
Usuario492;Male;Islas Marietas;Centro;2016-03;Family;5
Usuario765;Male;Islas Marietas;Estados Unidos;2015-05;Business;5
Usuario50;Female;Bucerias Art Walk;Canada;2012-02;Couple;5
Usuario2151;Female;The Jazz Foundation;Estados Unidos;2016-04;Family;5
Usuario1821;Female;Playa Los Muertos;Centro;2016-02;Alone;5
Usuario1178;Male;Islas Marietas;Noroeste;2016-04;Couple;5
Usuario1770;Female;Playa Los Muertos;Argentina;2017-07;Alone;5
Usuario1748;Female;Playa El Anclote;Estados Unidos;2016-04;Alone;5
Usuario1809;Male;Playa Los Muertos;Centro;2018-07;Family;5
Usuario1413;N/I;Islas Marietas;Occidente;2015-07;Family;5
Usuario2027;Female;Splash Water Park;Occidente;2014-10;Friends;5
Usuario669;Female;Islas Marietas;Centro;2016-10;Couple;5
Usuario1910;Female;Playa Los Muertos;Noreste;2017-05;Couple;5
Usuario849;Male;Islas Marietas;Estados Unidos;2015-06;Friends;5
Usuario544;Male;Islas Marietas;Centro;2016-03;Couple;5
Usuario591;Female;Islas Marietas;Centro;2016-05;Friends;5
Usuario46;Female;Bucerias Art Walk;Canada;2012-03;Couple;5
Usuario647;Female;Islas Marietas;Centro;2014-03;Couple;5
Usuario821;Male;Islas Marietas;Estados Unidos;2015-04;Friends;5
Usuario105;Male;Bucerias Art Walk;Occidente;2014-04;Couple;5
Usuario624;Female;Islas Marietas;Centro;2017-03;Friends;5
Usuario243;Male;Isla de Coral;Centro;2016-11;Family;5
Usuario1529;Female;Manantial La Tovara;Estados Unidos;2020-01;Friends;5
Usuario120;Male;Centro Historico de Tepic;Estados Unidos;2016-12;Couple;5
Usuario1117;Male;Islas Marietas;Noreste;2016-09;Friends;5
Usuario489;Male;Islas Marietas;Centro;2015-07;Family;5
Usuario268;Female;Isla de Coral;Occidente;2018-09;Family;5
Usuario2043;Male;The Jazz Foundation;Canada;2017-02;Family;5
Usuario1098;Male;Islas Marietas;Noreste;2014-07;Friends;5
Usuario1339;Female;Islas Marietas;Occidente;2017-04;Couple;5
Usuario158;Female;Cerro de la Contaduria;Occidente;2015-09;Couple;5
Usuario1238;Male;Islas Marietas;Occidente;2015-09;Family;5
Usuario1450;Male;Islas Marietas;Sureste;2016-10;Couple;5
Usuario1356;Female;Islas Marietas;Occidente;2017-08;Family;5
Usuario1940;Male;Playa Los Muertos;Occidente;2019-03;Family;5
Usuario1676;Female;Playa Destiladeras;Estados Unidos;2016-11;Family;5
Usuario1502;Male;Manantial La Tovara;Canada;2015-12;Friends;5
Usuario1161;Female;Islas Marietas;Noreste;2016-08;Family;5
Usuario1174;Male;Islas Marietas;Noroeste;2017-08;Couple;5
Usuario1162;Female;Islas Marietas;Noreste;2015-06;Friends;5
Usuario1092;Male;Islas Marietas;Noreste;2017-02;Alone;5
Usuario632;Female;Islas Marietas;Centro;2014-11;Family;5
Usuario1142;Female;Islas Marietas;Noreste;2017-05;Friends;5
Usuario1727;Female;Playa Destiladeras;Occidente;2017-12;Friends;5
Usuario622;Female;Islas Marietas;Centro;2016-01;Friends;5
Usuario1260;Male;Islas Marietas;Occidente;2014-05;Friends;5
Usuario1574;Female;Manantial La Tovara;Occidente;2018-12;Friends;5
Usuario1731;Female;Playa Destiladeras;Occidente;2016-10;Friends;5
Usuario1348;Female;Islas Marietas;Occidente;2014-07;Family;5
Usuario1926;Male;Playa Los Muertos;Occidente;2016-07;Family;5
Usuario1783;Male;Playa Los Muertos;Canada;2016-02;Friends;5
Usuario1152;Female;Islas Marietas;Noreste;2014-07;Family;5
Usuario130;Female;Centro Historico de Tepic;Venezuela;2018-05;Business;5
Usuario1416;Female;Islas Marietas;Panama;2014-07;Friends;5
Usuario205;Male;Galerias Vallarta;Occidente;2018-03;Friends;5
Usuario1631;Female;Playa Destiladeras;Canada;2015-01;Alone;5
Usuario1101;Male;Islas Marietas;Noreste;2016-03;Friends;5
Usuario665;Female;Islas Marietas;Centro;2018-07;Couple;5
Usuario1740;Male;Playa El Anclote;Centro;2017-01;Friends;5
Usuario575;Male;Islas Marietas;Centro;2016-01;Couple;5
Usuario2240;Female;Santuario de Cocodrilos El Cora;Canada;2018-12;Family;5
Usuario1889;Female;Playa Los Muertos;Estados Unidos;2016-01;Friends;5
Usuario676;Female;Islas Marietas;Centro;2015-06;Friends;5
Usuario1296;Male;Islas Marietas;Occidente;2014-12;Friends;5
Usuario1383;Female;Islas Marietas;Occidente;2014-07;Alone;5
Usuario2174;Female;The Jazz Foundation;Noroeste;2014-07;Family;5
Usuario1121;Female;Islas Marietas;Noreste;2015-09;Family;5
Usuario1530;Female;Manantial La Tovara;Estados Unidos;2016-11;Family;5
Usuario1411;Female;Islas Marietas;Occidente;2016-05;Family;5
Usuario406;Female;Islas Marietas;Canada;2016-02;Friends;5
Usuario1391;Female;Islas Marietas;Occidente;2014-12;Couple;5
Usuario971;Female;Islas Marietas;Estados Unidos;2016-01;Friends;5
Usuario249;Female;Isla de Coral;Centro;2017-08;Friends;5
Usuario691;Female;Islas Marietas;Centro;2015-07;Family;5
Usuario522;Male;Islas Marietas;Centro;2016-08;Couple;5
Usuario1379;Female;Islas Marietas;Occidente;2015-12;Alone;5
Usuario1275;Male;Islas Marietas;Occidente;2018-02;Family;5
Usuario1845;Male;Playa Los Muertos;Estados Unidos;2016-05;Couple;5
Usuario478;Male;Islas Marietas;Centro;2015-12;Family;5
Usuario1623;Male;Playa Destiladeras;Canada;2015-02;Friends;5
Usuario1537;Male;Manantial La Tovara;Noroeste;2015-12;Family;5
Usuario551;Male;Islas Marietas;Centro;2014-10;Business;5
Usuario1086;Male;Islas Marietas;Noreste;2014-10;Family;5
Usuario2208;Female;The Jazz Foundation;Occidente;2018-03;Family;5
Usuario650;Female;Islas Marietas;Centro;2018-08;Alone;5
Usuario1326;Female;Islas Marietas;Occidente;2013-03;Couple;5
Usuario1472;Female;Islas Marietas;Sureste;2015-01;Business;5
Usuario1051;Female;Islas Marietas;Estados Unidos;2015-02;Friends;5
Usuario415;Female;Islas Marietas;Canada;2015-03;Friends;5
Usuario292;Male;Islas Marietas;Argentina;2017-01;Couple;5
Usuario2155;Female;The Jazz Foundation;Estados Unidos;2016-08;Family;5
Usuario1377;Female;Islas Marietas;Occidente;2016-01;Friends;5
Usuario1564;Female;Manantial La Tovara;Occidente;2018-12;Family;5
Usuario180;Male;Galerias Vallarta;Centro;2016-11;Family;5
Usuario1091;Male;Islas Marietas;Noreste;2015-03;Couple;5
Usuario1517;Female;Manantial La Tovara;Centro;2019-03;Family;5
Usuario1758;Female;Playa El Anclote;Occidente;2015-09;Friends;5
Usuario56;Female;Bucerias Art Walk;Canada;2016-01;Couple;5
Usuario1944;Male;Playa Los Muertos;Occidente;2019-01;Friends;5
Usuario946;Female;Islas Marietas;Estados Unidos;2017-04;Family;5
Usuario343;Male;Islas Marietas;Canada;2013-06;Couple;5
Usuario535;Male;Islas Marietas;Centro;2015-06;Couple;5
Usuario612;Female;Islas Marietas;Centro;2017-07;Friends;5
Usuario1473;Female;Islas Marietas;Sureste;2015-02;Family;5
Usuario1907;Female;Playa Los Muertos;Noreste;2016-11;Couple;5
Usuario659;Female;Islas Marietas;Centro;2015-01;Friends;5
Usuario644;Female;Islas Marietas;Centro;2016-03;Family;5
Usuario582;Male;Islas Marietas;Centro;2015-05;Family;5
Usuario1772;Female;Playa Los Muertos;Australia;2015-11;Couple;5
Usuario215;Female;Galerias Vallarta;Occidente;2015-12;Family;5
Usuario1873;Female;Playa Los Muertos;Estados Unidos;2017-06;Couple;5
Usuario2058;Female;The Jazz Foundation;Canada;2013-07;Couple;5
Usuario1708;Male;Playa Destiladeras;Occidente;2016-04;Family;5
Usuario1234;Male;Islas Marietas;Occidente;2015-09;Family;5
Usuario1342;Female;Islas Marietas;Occidente;2015-03;Family;5
Usuario1251;Male;Islas Marietas;Occidente;2015-03;Alone;5
Usuario1533;Female;Manantial La Tovara;Estados Unidos;2015-04;Family;5
Usuario1465;Male;Islas Marietas;Sureste;2016-08;Family;5
Usuario1352;Female;Islas Marietas;Occidente;2014-12;Family;5
Usuario145;Male;Cerro de la Contaduria;Occidente;2015-12;Family;5
Usuario1283;Male;Islas Marietas;Occidente;2018-01;Business;5
Usuario1905;Female;Playa Los Muertos;Noreste;2016-05;Couple;5
Usuario1184;Male;Islas Marietas;Noroeste;2016-04;Friends;5
Usuario1955;Female;Playa Los Muertos;Occidente;2016-04;Family;5
Usuario2260;Male;Santuario de Cocodrilos El Cora;Occidente;2015-07;Friends;5
Usuario605;Female;Islas Marietas;Centro;2013-03;Family;5
Usuario541;Male;Islas Marietas;Centro;2014-10;Friends;5
Usuario1786;Female;Playa Los Muertos;Canada;2015-12;Couple;5
Usuario1737;Female;Playa Destiladeras;Sureste;2016-03;Friends;5
Usuario617;Female;Islas Marietas;Centro;2014-08;Friends;5
Usuario2243;Female;Santuario de Cocodrilos El Cora;Centro;2018-08;Family;5
Usuario499;Male;Islas Marietas;Centro;2016-03;Couple;5
Usuario967;Female;Islas Marietas;Estados Unidos;2015-06;Alone;5
Usuario715;Female;Islas Marietas;Centro;2013-05;Couple;5
Usuario516;Male;Islas Marietas;Centro;2016-11;Couple;5
Usuario1567;Female;Manantial La Tovara;Occidente;2016-03;Family;5
Usuario2210;Female;The Jazz Foundation;Occidente;2016-06;Family;5
Usuario609;Female;Islas Marietas;Centro;2016-02;Friends;5
Usuario1484;Female;Islas Marietas;Sureste;2016-04;Couple;5
Usuario1716;Male;Playa Destiladeras;Occidente;2015-05;Family;5
Usuario536;Male;Islas Marietas;Centro;2017-06;Couple;5
Usuario1467;Male;Islas Marietas;Sureste;2015-11;Family;5
Usuario157;Female;Cerro de la Contaduria;Occidente;2015-12;Family;5
Usuario208;Male;Galerias Vallarta;Occidente;2019-01;Alone;5
Usuario1562;Female;Manantial La Tovara;Occidente;2018-06;Family;5
Usuario62;Female;Bucerias Art Walk;Canada;2016-01;Friends;5
Usuario1480;Female;Islas Marietas;Sureste;2015-09;Friends;5
Usuario864;Male;Islas Marietas;Estados Unidos;2015-02;Friends;5
Usuario854;Male;Islas Marietas;Estados Unidos;2016-04;Friends;5
Usuario1565;Female;Manantial La Tovara;Occidente;2020-09;Family;5
Usuario1209;Female;Islas Marietas;Noruega;2014-09;Friends;5
Usuario1345;Female;Islas Marietas;Occidente;2017-01;Family;5
Usuario174;Female;Galerias Vallarta;Canada;2017-02;Couple;5
Usuario188;Male;Galerias Vallarta;Estados Unidos;2016-06;Family;5
Usuario1138;Female;Islas Marietas;Noreste;2018-12;Couple;5
Usuario184;Male;Galerias Vallarta;Estados Unidos;2017-07;Couple;5
Usuario891;Female;Islas Marietas;Estados Unidos;2017-06;Family;5
Usuario1837;Male;Playa Los Muertos;Estados Unidos;2017-07;Family;5
Usuario833;Male;Islas Marietas;Estados Unidos;2017-03;Couple;5
Usuario1216;Male;Islas Marietas;Occidente;2014-07;Family;5
Usuario1673;Male;Playa Destiladeras;Estados Unidos;2014-11;Friends;5
Usuario750;Female;Islas Marietas;Dinamarca;2016-11;Couple;5
Usuario1903;Male;Playa Los Muertos;Noreste;2017-07;Family;5
Usuario1485;Female;Islas Marietas;Sureste;2015-09;Friends;5
Usuario2106;Male;The Jazz Foundation;Estados Unidos;2016-06;Family;5
Usuario240;Male;Isla de Coral;Centro;2016-09;Family;5
Usuario1166;Male;Islas Marietas;Noroeste;2014-04;Couple;5
Usuario1895;Female;Playa Los Muertos;Israel;2018-07;Couple;5
Usuario137;Male;Cerro de la Contaduria;Estados Unidos;2018-12;Couple;5
Usuario576;Male;Islas Marietas;Centro;2013-04;Friends;5
Usuario1331;Female;Islas Marietas;Occidente;2015-02;Family;5
Usuario521;Male;Islas Marietas;Centro;2015-08;Couple;5
Usuario502;Male;Islas Marietas;Centro;2017-03;Couple;5
Usuario305;Female;Islas Marietas;Argentina;2013-03;Couple;5
Usuario2052;Female;The Jazz Foundation;Canada;2017-03;Family;5
Usuario695;Female;Islas Marietas;Centro;2013-12;Family;5
Usuario264;Male;Isla de Coral;Occidente;2016-06;Couple;5
Usuario1534;Male;Manantial La Tovara;Noreste;2014-07;Family;5
Usuario537;Male;Islas Marietas;Centro;2013-08;Friends;5
Usuario2223;Female;The Jazz Foundation;Occidente;2018-07;Family;5
Usuario16;Male;Bahia de Matanchen;Occidente;2017-02;Family;5
Usuario867;Male;Islas Marietas;Estados Unidos;2017-03;Couple;5
Usuario1651;Male;Playa Destiladeras;Centro;2019-01;Couple;5
Usuario716;Female;Islas Marietas;Centro;2015-12;Family;5
Usuario1991;Female;Splash Water Park;Estados Unidos;2014-04;Family;5
Usuario1690;Female;Playa Destiladeras;Noroeste;2018-09;Couple;5
Usuario1125;Female;Islas Marietas;Noreste;2018-10;Couple;5
Usuario906;Female;Islas Marietas;Estados Unidos;2015-03;Friends;5
Usuario2018;Male;Splash Water Park;Occidente;2012-07;Family;5
Usuario304;Female;Islas Marietas;Argentina;2016-04;Alone;5
Usuario1035;Female;Islas Marietas;Estados Unidos;2018-07;Family;5
Usuario2024;Female;Splash Water Park;Occidente;2014-10;Family;5
Usuario1106;Male;Islas Marietas;Noreste;2018-06;Couple;5
Usuario385;Female;Islas Marietas;Canada;2014-09;Couple;5
Usuario2152;Female;The Jazz Foundation;Estados Unidos;2016-01;Friends;5
Usuario1365;Female;Islas Marietas;Occidente;2016-05;Couple;5
Usuario1207;Female;Islas Marietas;Noroeste;2015-06;Friends;5
Usuario2241;Male;Santuario de Cocodrilos El Cora;Occidente;2018-11;Family;5
Usuario12;Male;Bahia de Matanchen;Occidente;2015-12;Family;5
Usuario1167;Male;Islas Marietas;Noroeste;2016-03;Family;5
Usuario1607;Female;Mercado del Pueblo Sayulita;Estados Unidos;2016-11;Friends;5
Usuario673;Female;Islas Marietas;Centro;2017-05;Couple;5
Usuario637;Female;Islas Marietas;Centro;2016-12;Family;5
Usuario1374;Female;Islas Marietas;Occidente;2013-01;Friends;5
Usuario1576;Male;Manantial La Tovara;Sureste;2014-11;Friends;5
Usuario546;Male;Islas Marietas;Centro;2015-12;Family;5
Usuario1644;Female;Playa Destiladeras;Canada;2015-02;Couple;5
Usuario1674;Female;Playa Destiladeras;Estados Unidos;2016-11;Friends;5
Usuario1490;Female;Islas Marietas;Uruguay;2014-11;Couple;5
Usuario1232;Male;Islas Marietas;Occidente;2016-05;Friends;5
Usuario1575;Male;Manantial La Tovara;Paises Bajos;2014-12;Couple;5
Usuario1088;Male;Islas Marietas;Noreste;2015-04;Couple;5
Usuario1551;Male;Manantial La Tovara;Occidente;2018-09;Family;5
Usuario1693;Male;Playa Destiladeras;Occidente;2014-07;Friends;5
Usuario2162;Female;The Jazz Foundation;Noreste;2016-06;Family;5
Usuario2114;Male;The Jazz Foundation;Estados Unidos;2016-04;Family;5
Usuario847;Male;Islas Marietas;Estados Unidos;2015-05;Friends;5
Usuario1095;Male;Islas Marietas;Noreste;2015-07;Family;5
Usuario1787;Female;Playa Los Muertos;Canada;2017-07;Couple;5
Usuario507;Male;Islas Marietas;Centro;2017-05;Family;5
Usuario1894;Female;Playa Los Muertos;Estados Unidos;2015-10;Friends;5
Usuario488;Male;Islas Marietas;Centro;2014-09;Family;5
Usuario178;Female;Galerias Vallarta;Canada;2019-02;Alone;5
Usuario310;Female;Islas Marietas;Argentina;2015-01;Family;5
Usuario1220;Male;Islas Marietas;Occidente;2013-12;Family;5
Usuario1948;Female;Playa Los Muertos;Occidente;2016-12;Family;5
Usuario1535;Male;Manantial La Tovara;Noreste;2019-10;Family;5
Usuario288;Male;Islas Marietas;Argentina;2014-12;Business;5
Usuario1499;N/I;Manantial La Tovara;Argentina;2013-12;Alone;5
Usuario757;Female;Islas Marietas;Espania;2016-05;Friends;5
Usuario1771;Female;Playa Los Muertos;Argentina;2017-11;Couple;5
Usuario1052;Female;Islas Marietas;Estados Unidos;2015-05;Friends;5
Usuario1657;Female;Playa Destiladeras;Centro;2015-01;Couple;5
Usuario1048;Female;Islas Marietas;Estados Unidos;2015-09;Friends;5
Usuario1334;Female;Islas Marietas;Occidente;2014-02;Family;5
Usuario660;Female;Islas Marietas;Centro;2016-04;Family;5
Usuario711;Female;Islas Marietas;Centro;2015-02;Family;5
Usuario0;Male;Playa Los Muertos;Alemania;2017-04;Couple;5
Usuario679;Female;Islas Marietas;Centro;2013-02;Friends;5
Usuario2099;Male;The Jazz Foundation;Estados Unidos;2016-04;Family;5
Usuario955;Female;Islas Marietas;Estados Unidos;2017-01;Couple;5
Usuario1492;Female;Islas Marietas;Uruguay;2015-07;Couple;5
Usuario1646;Female;Playa Destiladeras;Canada;2014-03;Family;5
Usuario367;Male;Islas Marietas;Canada;2015-02;Friends;5
Usuario868;Male;Islas Marietas;Estados Unidos;2013-08;Alone;5
Usuario276;Female;Isla Isabel;Estados Unidos;2017-02;Couple;5
Usuario1287;Male;Islas Marietas;Occidente;2016-03;Couple;5
Usuario1094;Male;Islas Marietas;Noreste;2015-07;Family;5
Usuario203;Male;Galerias Vallarta;Occidente;2016-07;Family;5
Usuario2158;Male;The Jazz Foundation;Noreste;2016-07;Family;5
Usuario403;Female;Islas Marietas;Canada;2016-08;Friends;5
Usuario1545;Male;Manantial La Tovara;Occidente;2012-11;Friends;5
Usuario771;Male;Islas Marietas;Estados Unidos;2017-04;Couple;5
Usuario538;Male;Islas Marietas;Centro;2014-05;Friends;5
Usuario154;Male;Cerro de la Contaduria;Occidente;2015-10;Family;5
Usuario285;Male;Islas Marietas;Argentina;2016-07;Friends;5
Usuario603;Female;Islas Marietas;Centro;2019-05;Couple;5
Usuario1327;Female;Islas Marietas;Occidente;2013-03;Couple;5
Usuario633;Female;Islas Marietas;Centro;2015-11;Family;5
Usuario2190;Male;The Jazz Foundation;Occidente;2012-11;Family;5
Usuario1031;Female;Islas Marietas;Estados Unidos;2017-03;Friends;5
Usuario1670;Male;Playa Destiladeras;Estados Unidos;2012-12;Friends;5
Usuario1718;Male;Playa Destiladeras;Occidente;2018-04;Family;5
Usuario1025;Female;Islas Marietas;Estados Unidos;2016-01;Alone;5
Usuario649;Female;Islas Marietas;Centro;2015-05;Couple;5
Usuario1796;Male;Playa Los Muertos;Centro;2015-12;Family;5
Usuario342;Male;Islas Marietas;Canada;2016-11;Alone;5
Usuario51;Female;Bucerias Art Walk;Canada;2017-01;Friends;5
Usuario1075;Male;Islas Marietas;italia;2012-12;Friends;5
Usuario465;Male;Islas Marietas;Centro;2017-05;Family;5
Usuario1280;Male;Islas Marietas;Occidente;2015-04;Family;5
Usuario1495;Female;Islas Marietas;Venezuela;2015-12;Family;5
Usuario350;Male;Islas Marietas;Canada;2015-01;Alone;5
Usuario1669;Male;Playa Destiladeras;Estados Unidos;2018-05;Couple;5
Usuario368;Male;Islas Marietas;Canada;2015-04;Couple;5
Usuario1078;Male;Islas Marietas;Nicaragua;2016-03;Friends;5
Usuario1719;Male;Playa Destiladeras;Occidente;2016-04;Family;5
Usuario1370;Female;Islas Marietas;Occidente;2015-10;Friends;5
Usuario1014;Female;Islas Marietas;Estados Unidos;2016-07;Friends;5
Usuario160;Female;Cerro de la Contaduria;Occidente;2014-11;Couple;5
Usuario1826;Female;Playa Los Muertos;Centro;2015-10;Friends;5
Usuario1169;Male;Islas Marietas;Noroeste;2017-08;Alone;5
Usuario1269;Male;Islas Marietas;Occidente;2016-02;Business;5
Usuario515;Male;Islas Marietas;Centro;2017-03;Couple;5
Usuario491;Male;Islas Marietas;Centro;2015-11;Friends;5
Usuario1769;Female;Playa Los Muertos;Argentina;2019-05;Alone;5
Usuario287;Male;Islas Marietas;Argentina;2019-04;Couple;5
Usuario1608;Female;Mercado del Pueblo Sayulita;Estados Unidos;2019-01;Family;5
Usuario2233;Male;The Jazz Foundation;Sureste;2015-09;Couple;5
Usuario1757;Male;Playa El Anclote;Occidente;2016-06;Alone;5
Usuario434;Female;Islas Marietas;Canada;2015-11;Friends;5
Usuario92;Female;Bucerias Art Walk;Estados Unidos;2017-05;Friends;5
Usuario246;Female;Isla de Coral;Centro;2016-02;Friends;5
Usuario1833;Male;Playa Los Muertos;Estados Unidos;2016-05;Couple;5
Usuario1140;Female;Islas Marietas;Noreste;2014-08;Family;5
Usuario1301;Male;Islas Marietas;Occidente;2016-01;Friends;5
Usuario1849;Female;Playa Los Muertos;Estados Unidos;2016-03;Couple;5
Usuario2146;Female;The Jazz Foundation;Estados Unidos;2017-03;Family;5
Usuario978;Female;Islas Marietas;Estados Unidos;2015-05;Friends;5
Usuario936;Female;Islas Marietas;Estados Unidos;2017-03;Family;5
Usuario44;Female;Bucerias Art Walk;Canada;2014-02;Friends;5
Usuario1313;Male;Islas Marietas;Occidente;2015-09;Friends;5
Usuario1340;Female;Islas Marietas;Occidente;2015-07;Family;5
Usuario1638;Female;Playa Destiladeras;Canada;2019-02;Friends;5
Usuario1847;Male;Playa Los Muertos;Estados Unidos;2016-03;Family;5
Usuario686;Female;Islas Marietas;Centro;2016-05;Family;5
Usuario1599;Male;Mercado del Pueblo Sayulita;Estados Unidos;2013-01;Couple;5
Usuario1913;Male;Playa Los Muertos;Noroeste;2018-03;Couple;5
Usuario707;Female;Islas Marietas;Centro;2014-10;Couple;5
Usuario880;Male;Islas Marietas;Estados Unidos;2017-04;Alone;5
Usuario554;Male;Islas Marietas;Centro;2016-03;Family;5
Usuario1775;Male;Playa Los Muertos;Canada;2017-01;Couple;5
Usuario512;Male;Islas Marietas;Centro;2014-01;Family;5
Usuario853;Male;Islas Marietas;Estados Unidos;2017-04;Couple;5
Usuario727;Male;Islas Marietas;Chile;2019-03;Couple;5
Usuario1427;Male;Islas Marietas;Reino Unido;2017-02;Couple;5
Usuario383;Female;Islas Marietas;Canada;2014-08;Family;5
Usuario35;Male;Bucerias Art Walk;Canada;2019-03;Couple;5
Usuario1501;Male;Manantial La Tovara;Canada;2014-02;Couple;5
Usuario1553;Male;Manantial La Tovara;Occidente;2016-02;Friends;5
Usuario1181;Male;Islas Marietas;Noroeste;2014-02;Couple;5
Usuario135;Female;Cerro de la Contaduria;Centro;2016-10;Friends;5
Usuario567;Male;Islas Marietas;Centro;2016-03;Couple;5
Usuario2086;Female;The Jazz Foundation;Centro;2015-12;Family;5
Usuario573;Male;Islas Marietas;Centro;2015-07;Couple;5
Usuario1604;Female;Mercado del Pueblo Sayulita;Estados Unidos;2015-03;Friends;5
Usuario1316;Female;Islas Marietas;Occidente;2015-04;Couple;5
Usuario688;Female;Islas Marietas;Centro;2015-07;Family;5
Usuario1668;Male;Playa Destiladeras;Estados Unidos;2016-07;Family;5
Usuario1561;Male;Manantial La Tovara;Occidente;2017-03;Family;5
Usuario1633;Female;Playa Destiladeras;Canada;2017-03;Couple;5
Usuario1393;Female;Islas Marietas;Occidente;2014-07;Family;5
Usuario1486;Female;Islas Marietas;Sureste;2015-09;Couple;5
Usuario1115;Male;Islas Marietas;Noreste;2015-03;Couple;5
Usuario1860;Female;Playa Los Muertos;Estados Unidos;2016-04;Family;5
Usuario1309;Male;Islas Marietas;Occidente;2015-08;Family;5
Usuario1688;Female;Playa Destiladeras;Noreste;2013-08;Family;5
Usuario885;Female;Islas Marietas;Estados Unidos;2016-04;Alone;5
Usuario723;Male;Islas Marietas;Chile;2017-04;Alone;5
Usuario1293;Male;Islas Marietas;Occidente;2016-01;Couple;5
Usuario1707;Male;Playa Destiladeras;Occidente;2013-01;Family;5
Usuario1840;Male;Playa Los Muertos;Estados Unidos;2016-03;Couple;5
Usuario697;Female;Islas Marietas;Centro;2016-04;Couple;5
Usuario766;Male;Islas Marietas;Estados Unidos;2017-03;Couple;5
Usuario161;Female;Cerro de la Contaduria;Occidente;2014-01;Friends;5
Usuario2076;Female;The Jazz Foundation;Centro;2013-12;Family;5
Usuario1636;Female;Playa Destiladeras;Canada;2017-04;Couple;5
Usuario1033;Female;Islas Marietas;Estados Unidos;2016-02;Friends;5
Usuario1532;Female;Manantial La Tovara;Estados Unidos;2015-12;Family;5
Usuario1212;Male;Islas Marietas;Occidente;2013-12;Couple;5
Usuario256;Male;Isla de Coral;Noroeste;2016-10;Friends;5
Usuario775;Male;Islas Marietas;Estados Unidos;2017-01;Family;5
Usuario1188;Female;Islas Marietas;Noroeste;2017-05;Family;5
Usuario1191;Female;Islas Marietas;Noroeste;2014-07;Family;5
Usuario201;Male;Galerias Vallarta;Noroeste;2014-11;Couple;5
Usuario1961;Male;Playa Los Muertos;Sureste;2017-01;Couple;5
Usuario2132;Female;The Jazz Foundation;Estados Unidos;2016-11;Family;5
Usuario1030;Female;Islas Marietas;Estados Unidos;2015-12;Friends;5
Usuario1656;Female;Playa Destiladeras;Centro;2019-06;Friends;5
Usuario1664;Male;Playa Destiladeras;Estados Unidos;2016-02;Friends;5
Usuario2244;Female;Santuario de Cocodrilos El Cora;Occidente;2018-07;Family;5
Usuario18;Male;Bahia de Matanchen;Occidente;2014-02;Family;5
Usuario729;Male;Islas Marietas;Chile;2017-01;Couple;5
Usuario1458;Male;Islas Marietas;Sureste;2015-09;Couple;5
Usuario1123;Female;Islas Marietas;Noreste;2013-07;Family;5
Usuario93;Female;Bucerias Art Walk;Estados Unidos;2019-01;Friends;5
Usuario347;Male;Islas Marietas;Canada;2016-04;Alone;5
Usuario774;Male;Islas Marietas;Estados Unidos;2017-02;Couple;5
Usuario1155;Female;Islas Marietas;Noreste;2016-01;Family;5
Usuario561;Male;Islas Marietas;Centro;2014-08;Couple;5
Usuario1792;Female;Playa Los Muertos;Canada;2016-12;Family;5
Usuario809;Male;Islas Marietas;Estados Unidos;2015-04;Friends;5
Usuario1311;Male;Islas Marietas;Occidente;2016-04;Couple;5
Usuario1112;Male;Islas Marietas;Noreste;2013-02;Couple;5
Usuario2078;Female;The Jazz Foundation;Centro;2017-04;Family;5
Usuario1292;Male;Islas Marietas;Occidente;2014-07;Family;5
Usuario1310;Male;Islas Marietas;Occidente;2016-03;Couple;5
Usuario2193;Male;The Jazz Foundation;Occidente;2018-07;Family;5
Usuario2207;Female;The Jazz Foundation;Occidente;2014-08;Family;5
Usuario328;Female;Islas Marietas;Australia;2017-04;Couple;5
Usuario1665;Male;Playa Destiladeras;Estados Unidos;2014-01;Family;5
Usuario545;Male;Islas Marietas;Centro;2016-01;Family;5
Usuario1612;Female;Mercado del Pueblo Sayulita;Occidente;2016-12;Alone;5
Usuario646;Female;Islas Marietas;Centro;2015-09;Couple;5
Usuario26;Female;Bahia de Matanchen;Occidente;2019-01;Friends;5
Usuario1912;Female;Playa Los Muertos;Noreste;2018-02;Friends;5
Usuario630;Female;Islas Marietas;Centro;2013-09;Family;5
Usuario1196;Female;Islas Marietas;Noroeste;2016-07;Friends;5
Usuario1915;Female;Playa Los Muertos;Noroeste;2016-08;Family;5
Usuario1515;Female;Manantial La Tovara;Centro;2015-12;Family;5
Usuario1419;Male;Islas Marietas;Peru;2016-11;Friends;5
Usuario501;Male;Islas Marietas;Centro;2019-02;Couple;5
Usuario394;Female;Islas Marietas;Canada;2015-02;Friends;5
Usuario218;Female;Galerias Vallarta;Occidente;2017-05;Family;5
Usuario1395;Female;Islas Marietas;Occidente;2015-09;Couple;5
Usuario1083;Male;Islas Marietas;Noreste;2014-04;Family;5
Usuario1399;Female;Islas Marietas;Occidente;2015-05;Family;5
Usuario42;Female;Bucerias Art Walk;Canada;2017-02;Couple;5
Usuario672;Female;Islas Marietas;Centro;2017-07;Family;5
Usuario1367;Female;Islas Marietas;Occidente;2014-11;Alone;5
Usuario1932;Male;Playa Los Muertos;Occidente;2018-06;Alone;5
Usuario2035;Male;The Jazz Foundation;Canada;2016-04;Family;5
Usuario1205;Female;Islas Marietas;Noroeste;2015-10;Couple;5
Usuario1857;Female;Playa Los Muertos;Estados Unidos;2017-05;Couple;5
Usuario651;Female;Islas Marietas;Centro;2013-09;Friends;5
Usuario822;Male;Islas Marietas;Estados Unidos;2015-02;Friends;5
Usuario1598;Male;Mercado del Pueblo Sayulita;Estados Unidos;2013-01;Couple;5
Usuario494;Male;Islas Marietas;Centro;2015-01;Family;5
Usuario477;Male;Islas Marietas;Centro;2015-06;Couple;5
Usuario2140;Female;The Jazz Foundation;Estados Unidos;2015-04;Couple;5
Usuario1921;Male;Playa Los Muertos;Occidente;2019-06;Family;5
Usuario206;Male;Galerias Vallarta;Occidente;2019-12;Family;5
Usuario1528;Female;Manantial La Tovara;Estados Unidos;2020-01;Couple;5
Usuario153;Male;Cerro de la Contaduria;Occidente;2014-11;Family;5
Usuario1681;Female;Playa Destiladeras;Estados Unidos;2016-01;Couple;5
Usuario581;Male;Islas Marietas;Centro;2018-04;Couple;5
Usuario1321;Female;Islas Marietas;Occidente;2015-12;Family;5
Usuario190;Female;Galerias Vallarta;Estados Unidos;2016-03;Friends;5
Usuario829;Male;Islas Marietas;Estados Unidos;2015-08;Couple;5
Usuario1525;Male;Manantial La Tovara;Estados Unidos;2016-01;Alone;5
Usuario317;Female;Islas Marietas;Argentina;2016-04;Family;5
Usuario162;Female;Cerro de la Contaduria;Occidente;2017-03;Family;5
Usuario1896;Female;Playa Los Muertos;italia;2016-02;Couple;5
Usuario1454;Male;Islas Marietas;Sureste;2017-06;Couple;5
Usuario1160;Female;Islas Marietas;Noreste;2016-08;Family;5
Usuario855;Male;Islas Marietas;Estados Unidos;2017-02;Family;5
Usuario1329;Female;Islas Marietas;Occidente;2013-08;Friends;5
Usuario443;Female;Islas Marietas;Canada;2016-12;Family;5
Usuario566;Male;Islas Marietas;Centro;2017-05;Couple;5
Usuario518;Male;Islas Marietas;Centro;2016-02;Couple;5
Usuario995;Female;Islas Marietas;Estados Unidos;2015-02;Friends;5
Usuario2154;Female;The Jazz Foundation;Estados Unidos;2015-02;Couple;5
Usuario1127;Female;Islas Marietas;Noreste;2016-03;Family;5
Usuario263;Male;Isla de Coral;Occidente;2016-07;Couple;5
Usuario1242;Male;Islas Marietas;Occidente;2014-06;Business;5
Usuario2130;Female;The Jazz Foundation;Estados Unidos;2015-06;Family;5
Usuario1471;Female;Islas Marietas;Sureste;2013-07;Family;5
Usuario1388;Female;Islas Marietas;Occidente;2015-11;Family;5
Usuario1070;Male;Islas Marietas;Francia;2014-01;Couple;5
Usuario1236;Male;Islas Marietas;Occidente;2015-05;Family;5
Usuario1602;Female;Mercado del Pueblo Sayulita;Estados Unidos;2014-01;Friends;5
Usuario1851;Female;Playa Los Muertos;Estados Unidos;2016-11;Couple;5
Usuario1624;Male;Playa Destiladeras;Canada;2017-01;Couple;5
Usuario278;Male;Isla Isabel;Occidente;2018-05;Couple;5
Usuario1455;Male;Islas Marietas;Sureste;2016-08;Family;5
Usuario262;Male;Isla de Coral;Occidente;2018-10;Couple;5
Usuario949;Female;Islas Marietas;Estados Unidos;2016-03;Friends;5
Usuario1375;Female;Islas Marietas;Occidente;2016-04;Couple;5
Usuario1954;Female;Playa Los Muertos;Occidente;2017-08;Friends;5
Usuario124;Male;Centro Historico de Tepic;Occidente;2019-06;Family;5
Usuario1190;Female;Islas Marietas;Noroeste;2015-08;Friends;5
Usuario1451;Male;Islas Marietas;Sureste;2016-01;Friends;5
Usuario1811;Female;Playa Los Muertos;Centro;2015-09;Friends;5
Usuario1268;Male;Islas Marietas;Occidente;2015-11;Couple;5
Usuario1692;Female;Playa Destiladeras;Noroeste;2012-08;Couple;5
Usuario1724;Female;Playa Destiladeras;Occidente;2019-03;Business;5
Usuario241;Male;Isla de Coral;Centro;2016-06;Couple;5
Usuario1239;Male;Islas Marietas;Occidente;2013-12;Business;5
Usuario690;Female;Islas Marietas;Centro;2014-10;Couple;5
Usuario562;Male;Islas Marietas;Centro;2013-09;Couple;5
Usuario1266;Male;Islas Marietas;Occidente;2014-04;Couple;5
Usuario1494;Female;Islas Marietas;Uruguay;2012-09;Couple;5
Usuario1497;Female;Islas Marietas;Venezuela;2013-05;Couple;5
Usuario102;Female;Bucerias Art Walk;Estados Unidos;2016-04;Friends;5
Usuario663;Female;Islas Marietas;Centro;2017-04;Couple;5
Usuario1418;Male;Islas Marietas;Peru;2017-04;Family;5
Usuario468;Male;Islas Marietas;Centro;2014-06;Couple;5
Usuario225;Female;Galerias Vallarta;Occidente;2016-10;Couple;5
Usuario7;Male;Bahia de Matanchen;Estados Unidos;2018-12;Couple;5
Usuario1217;Male;Islas Marietas;Occidente;2014-11;Couple;5
Usuario1143;Female;Islas Marietas;Noreste;2016-01;Couple;5
Usuario115;Female;Bucerias Art Walk;Reino Unido;2018-01;Couple;5
Usuario553;Male;Islas Marietas;Centro;2014-12;Family;5
Usuario1984;Male;Splash Water Park;Estados Unidos;2013-04;Family;5
Usuario852;Male;Islas Marietas;Estados Unidos;2017-01;Couple;5
Usuario1818;Female;Playa Los Muertos;Centro;2018-12;Family;5
Usuario1444;Female;Islas Marietas;Reino Unido;2017-01;Couple;5
Usuario1521;Male;Manantial La Tovara;Espania;2016-12;Couple;5
Usuario1614;Female;Mercado del Pueblo Sayulita;Occidente;2013-01;Family;5
Usuario1312;Male;Islas Marietas;Occidente;2016-07;Friends;5
Usuario608;Female;Islas Marietas;Centro;2013-12;Family;5
Usuario653;Female;Islas Marietas;Centro;2014-10;Couple;5
Usuario1749;Female;Playa El Anclote;Estados Unidos;;Couple;5
Usuario618;Female;Islas Marietas;Centro;2015-12;Family;5
Usuario312;Female;Islas Marietas;Argentina;2015-09;Family;5
Usuario274;Male;Isla Isabel;Centro;2018-12;Couple;5
Usuario1925;Male;Playa Los Muertos;Occidente;2016-07;Alone;5
Usuario1151;Female;Islas Marietas;Noreste;2015-09;Family;5
Usuario1323;Female;Islas Marietas;Occidente;2014-09;Family;5
Usuario1279;Male;Islas Marietas;Occidente;2013-08;Couple;5
Usuario108;Male;Bucerias Art Walk;Occidente;2016-03;Friends;5
Usuario1634;Female;Playa Destiladeras;Canada;2016-11;Friends;5
Usuario1358;Female;Islas Marietas;Occidente;;Friends;5
Usuario1469;Female;Islas Marietas;Sureste;2015-04;Family;5
Usuario1516;Female;Manantial La Tovara;Centro;2017-08;Family;5
Usuario668;Female;Islas Marietas;Centro;2015-01;Friends;5
Usuario2142;Female;The Jazz Foundation;Estados Unidos;2013-10;Couple;5
Usuario302;Female;Islas Marietas;Argentina;2015-01;Friends;5
Usuario940;Female;Islas Marietas;Estados Unidos;2015-01;Friends;5
Usuario1263;Male;Islas Marietas;Occidente;2014-05;Couple;5
Usuario737;Male;Islas Marietas;Colombia;2017-04;Couple;5
Usuario1685;Female;Playa Destiladeras;Noreste;2017-03;Couple;5
Usuario1715;Male;Playa Destiladeras;Occidente;2012-12;Business;5
Usuario626;Female;Islas Marietas;Centro;2015-09;Family;5
Usuario36;Male;Bucerias Art Walk;Canada;2015-02;Couple;5
Usuario1304;Male;Islas Marietas;Occidente;2016-01;Friends;5
Usuario70;Female;Bucerias Art Walk;Canada;2019-03;Couple;5
Usuario1500;Male;Manantial La Tovara;Canada;2014-04;Friends;5
Usuario1050;Female;Islas Marietas;Estados Unidos;2015-05;Friends;5
Usuario1504;Female;Manantial La Tovara;Canada;2017-02;Friends;5
Usuario1939;Male;Playa Los Muertos;Occidente;2019-09;Couple;5
Usuario755;Male;Islas Marietas;Espania;2014-02;Alone;5
Usuario1491;Male;Islas Marietas;Uruguay;2016-09;Family;5
Usuario1563;Female;Manantial La Tovara;Occidente;2018-03;Family;5
Usuario1103;Male;Islas Marietas;Noreste;2015-03;Business;5
Usuario1396;Female;Islas Marietas;Occidente;2014-11;Friends;5
Usuario1937;Male;Playa Los Muertos;Occidente;2017-04;Friends;5
Usuario1678;Female;Playa Destiladeras;Estados Unidos;2013-12;Friends;5
Usuario83;Male;Bucerias Art Walk;Estados Unidos;2014-02;Friends;5
Usuario379;Female;Islas Marietas;Canada;2015-04;Friends;5
Usuario530;Male;Islas Marietas;Centro;2014-06;Family;5
Usuario1483;Female;Islas Marietas;Sureste;2016-04;Friends;5
Usuario1957;Female;Playa Los Muertos;Occidente;2016-04;Friends;5
Usuario1828;Female;Playa Los Muertos;Centro;2017-10;Couple;5
Usuario1447;Male;Islas Marietas;Sureste;2016-04;Alone;5
Usuario2228;Male;The Jazz Foundation;Reino Unido;2014-08;Family;5
Usuario1007;Female;Islas Marietas;Estados Unidos;2017-03;Friends;5
Usuario319;Female;Islas Marietas;Argentina;2015-02;Family;5
Usuario1243;Male;Islas Marietas;Occidente;2013-01;Couple;5
Usuario1277;Male;Islas Marietas;Occidente;2016-06;Couple;5
Usuario1541;Male;Manantial La Tovara;Occidente;2012-05;Alone;5
Usuario584;Female;Islas Marietas;Centro;2015-08;Family;5
Usuario1225;Male;Islas Marietas;Occidente;2015-09;Friends;5
Usuario2169;Male;The Jazz Foundation;Noroeste;2013-07;Family;5
Usuario1305;Male;Islas Marietas;Occidente;2014-11;Family;5
Usuario2242;Male;Santuario de Cocodrilos El Cora;Noroeste;2018-10;Family;5
Usuario1650;Female;Playa Destiladeras;Canada;2019-02;Friends;5
Usuario1141;Female;Islas Marietas;Noreste;2015-04;Couple;5
Usuario2124;Male;The Jazz Foundation;Estados Unidos;2019-07;Family;5
Usuario1368;Female;Islas Marietas;Occidente;2016-03;Couple;5
Usuario1457;Male;Islas Marietas;Sureste;2013-09;Couple;5
Usuario34;Male;Bucerias Art Walk;Canada;2017-03;Couple;5
Usuario279;Male;Isla Isabel;Reino Unido;2016-02;Family;5
Usuario628;Female;Islas Marietas;Centro;2015-12;Couple;5
Usuario542;Male;Islas Marietas;Centro;2016-01;Couple;5
Usuario1763;Male;Playa El Anclote;Reino Unido;;Friends;5
Usuario2213;Female;The Jazz Foundation;Occidente;2016-03;Family;5
Usuario462;Male;Islas Marietas;Centro;2016-04;Couple;5
Usuario259;Male;Isla de Coral;Occidente;2019-09;Family;5
Usuario2189;Male;The Jazz Foundation;Occidente;2015-01;Couple;5
Usuario1671;Male;Playa Destiladeras;Estados Unidos;2018-06;Friends;5
Usuario1193;Female;Islas Marietas;Noroeste;2014-08;Couple;5
Usuario398;Female;Islas Marietas;Canada;2016-03;Friends;5
Usuario604;Female;Islas Marietas;Centro;2014-09;Couple;5
Usuario1026;Female;Islas Marietas;Estados Unidos;2016-06;Friends;5
Usuario662;Female;Islas Marietas;Centro;2014-06;Couple;5
Usuario1887;Female;Playa Los Muertos;Estados Unidos;2016-12;Couple;5
Usuario76;Male;Bucerias Art Walk;Estados Unidos;2016-01;Alone;5
Usuario1380;Female;Islas Marietas;Occidente;2016-03;Friends;5
Usuario1953;Female;Playa Los Muertos;Occidente;2018-04;Couple;5
Usuario1782;Male;Playa Los Muertos;Canada;2017-04;Friends;5
Usuario1077;Male;Islas Marietas;Nicaragua;2017-04;Alone;5
Usuario694;Female;Islas Marietas;Centro;2013-07;Family;5
Usuario100;Female;Bucerias Art Walk;Estados Unidos;2014-03;Couple;5
Usuario957;Female;Islas Marietas;Estados Unidos;2017-02;Couple;5
Usuario324;Male;Islas Marietas;Australia;2016-01;Friends;5
Usuario1906;Female;Playa Los Muertos;Noreste;2016-03;Friends;5
Usuario358;Male;Islas Marietas;Canada;2017-02;Alone;5
Usuario27;Female;Bahia de Matanchen;Occidente;2015-04;Family;5
Usuario1068;Female;Islas Marietas;Estados Unidos;2016-07;Alone;5
Usuario106;Male;Bucerias Art Walk;Occidente;2013-11;Couple;5
Usuario463;Male;Islas Marietas;Centro;2016-02;Alone;5
Usuario1114;Male;Islas Marietas;Noreste;2017-07;Family;5
Usuario1074;Male;Islas Marietas;Italia;2016-02;Friends;5
Usuario1270;Male;Islas Marietas;Occidente;2016-04;Friends;5
Usuario1751;Male;Playa El Anclote;Noroeste;2017-04;Friends;5
Usuario1508;Female;Manantial La Tovara;Canada;2017-02;Couple;5
Usuario1830;Male;Playa Los Muertos;Chile;2016-02;Couple;5
Usuario973;Female;Islas Marietas;Estados Unidos;2017-04;Couple;5
Usuario2091;Female;The Jazz Foundation;Colombia;2016-03;Family;5
Usuario580;Male;Islas Marietas;Centro;2014-07;Family;5
Usuario1877;Female;Playa Los Muertos;Estados Unidos;2015-12;Family;5
Usuario1466;Male;Islas Marietas;Sureste;2015-08;Couple;5
Usuario1752;Male;Playa El Anclote;Occidente;2017-12;Alone;5
Usuario504;Male;Islas Marietas;Centro;2015-11;Family;5
Usuario47;Female;Bucerias Art Walk;Canada;2015-02;Couple;5
Usuario578;Male;Islas Marietas;Centro;2016-02;Friends;5
Usuario2133;Female;The Jazz Foundation;Estados Unidos;2016-11;Alone;5
Usuario834;Male;Islas Marietas;Estados Unidos;2017-03;Family;5
Usuario2173;Female;The Jazz Foundation;Noroeste;2015-08;Family;5
Usuario684;Female;Islas Marietas;Centro;2016-04;Family;5
Usuario508;Male;Islas Marietas;Centro;2015-10;Friends;5
Usuario81;Male;Bucerias Art Walk;Estados Unidos;2015-04;Friends;5
Usuario1285;Male;Islas Marietas;Occidente;2016-03;Couple;5
Usuario1387;Female;Islas Marietas;Occidente;2015-09;Couple;5
Usuario2216;Female;The Jazz Foundation;Occidente;2013-01;Business;5
Usuario696;Female;Islas Marietas;Centro;2016-05;Family;5
Usuario937;Female;Islas Marietas;Estados Unidos;2015-08;Friends;5
Usuario1588;Female;Mercado del Pueblo Sayulita;Centro;2013-02;Friends;5
Usuario1868;Female;Playa Los Muertos;Estados Unidos;2015-11;Family;5
Usuario2218;Female;The Jazz Foundation;Occidente;2017-05;Family;5
Usuario1308;Male;Islas Marietas;Occidente;2015-06;Family;5
Usuario61;Female;Bucerias Art Walk;Canada;2016-02;Family;5
Usuario1245;Male;Islas Marietas;Occidente;2014-05;Business;5
Usuario1891;Female;Playa Los Muertos;Estados Unidos;2016-04;Alone;5
Usuario466;Male;Islas Marietas;Centro;2017-03;Couple;5
Usuario2019;Male;Splash Water Park;Occidente;2012-11;Couple;5
Usuario2041;Male;The Jazz Foundation;Canada;2016-02;Family;5
Usuario1774;Male;Playa Los Muertos;Canada;2016-03;Couple;5
Usuario1047;Female;Islas Marietas;Estados Unidos;2016-11;Alone;5
Usuario1643;Female;Playa Destiladeras;Canada;2014-03;Couple;5
Usuario1981;Male;Splash Water Park;Estados Unidos;2016-04;Family;5
Usuario2224;Female;The Jazz Foundation;Occidente;2016-08;Family;5
Usuario1962;Female;Playa Los Muertos;Sureste;2018-06;Couple;5
Usuario1470;Female;Islas Marietas;Sureste;2014-05;Family;5
Usuario1159;Female;Islas Marietas;Noreste;2015-04;Family;5
Usuario329;Male;Islas Marietas;Brasil;2014-03;Alone;5
Usuario1299;Male;Islas Marietas;Occidente;2015-06;Friends;5
Usuario1699;Male;Playa Destiladeras;Occidente;2014-10;Friends;5
Usuario2095;Male;The Jazz Foundation;Estados Unidos;2016-02;Couple;5
Usuario336;Male;Islas Marietas;Canada;2017-03;Family;5
Usuario1496;Female;Islas Marietas;Venezuela;2013-07;Couple;5
Usuario1332;Female;Islas Marietas;Occidente;2013-02;Friends;5
Usuario1856;Female;Playa Los Muertos;Estados Unidos;2017-04;Family;5
Usuario1582;Male;Mercado del Pueblo Sayulita;Canada;2014-01;Couple;5
Usuario1618;Male;Mexcaltitan;Reino Unido;2018-03;Friends;5
Usuario1640;Female;Playa Destiladeras;Canada;2015-01;Friends;5
Usuario2245;Female;Santuario de Cocodrilos El Cora;Occidente;2018-07;Family;5
Usuario316;Female;Islas Marietas;Argentina;2015-09;Couple;5
Usuario2001;Female;Splash Water Park;Noroeste;2013-08;Family;5
Usuario1850;Female;Playa Los Muertos;Estados Unidos;2016-12;Couple;5
Usuario1061;Female;Islas Marietas;Estados Unidos;2017-03;Family;5
Usuario250;Male;Isla de Coral;Estados Unidos;2016-12;Family;5
Usuario505;Male;Islas Marietas;Centro;2016-05;Friends;5
Usuario1831;Female;Playa Los Muertos;Chile;2017-03;Couple;5
Usuario1539;Male;Manantial La Tovara;Noroeste;2014-11;Family;5
Usuario235;Female;Galerias Vallarta;Reino Unido;2016-09;Couple;5
Usuario783;Male;Islas Marietas;Estados Unidos;2016-03;Friends;5
Usuario780;Male;Islas Marietas;Estados Unidos;2016-03;Friends;5
Usuario1717;Male;Playa Destiladeras;Occidente;2014-02;Friends;5
Usuario1224;Male;Islas Marietas;Occidente;2015-05;Friends;5
Usuario1168;Male;Islas Marietas;Noroeste;2018-06;Family;5
Usuario1922;Male;Playa Los Muertos;Occidente;2015-09;Family;5
Usuario1648;Female;Playa Destiladeras;Canada;2015-02;Family;5
Usuario1288;Male;Islas Marietas;Occidente;2017-08;Friends;5
Usuario266;Male;Isla de Coral;Occidente;2017-07;Family;5
Usuario116;Female;Bucerias Art Walk;Sureste;2017-02;Couple;5
Usuario315;Female;Islas Marietas;Argentina;2015-02;Friends;5
Usuario748;Male;Islas Marietas;Costa Rica;2017-01;Couple;5
Usuario482;Male;Islas Marietas;Centro;2016-10;Alone;5
Usuario2102;Male;The Jazz Foundation;Estados Unidos;2012-06;Family;5
Usuario15;Male;Bahia de Matanchen;Occidente;2016-03;Alone;5
Usuario1794;Female;Playa Los Muertos;Canada;2017-03;Couple;5
Usuario876;Male;Islas Marietas;Estados Unidos;2015-10;Friends;5
Usuario540;Male;Islas Marietas;Centro;2016-01;Business;5
Usuario1620;Male;Playa Destiladeras;Argentina;2017-01;Couple;5
Usuario2089;Male;The Jazz Foundation;Colombia;2019-04;Family;5
Usuario1586;Female;Mercado del Pueblo Sayulita;Canada;2014-02;Couple;5
Usuario2098;Male;The Jazz Foundation;Estados Unidos;2015-08;Family;5
Usuario1222;Male;Islas Marietas;Occidente;2020-09;Couple;5
Usuario657;Female;Islas Marietas;Centro;2014-06;Couple;5
Usuario1879;Female;Playa Los Muertos;Estados Unidos;2017-05;Friends;5
Usuario552;Male;Islas Marietas;Centro;2014-02;Family;5
Usuario314;Female;Islas Marietas;Argentina;2016-03;Friends;5
Usuario948;Female;Islas Marietas;Estados Unidos;2015-09;Friends;5
Usuario1248;Male;Islas Marietas;Occidente;2012-12;Friends;5
Usuario2236;Female;Santuario de Cocodrilos El Cora;Occidente;2019-12;Family;5
Usuario2094;Male;The Jazz Foundation;Estados Unidos;2016-05;Family;5
Usuario1118;Male;Islas Marietas;Noreste;2015-07;Family;5
Usuario1660;Male;Playa Destiladeras;Estados Unidos;2016-12;Couple;5
Usuario999;Female;Islas Marietas;Estados Unidos;2016-12;Couple;5
Usuario1951;Female;Playa Los Muertos;Occidente;2017-11;Couple;5
Usuario307;Female;Islas Marietas;Argentina;2017-02;Family;5
Usuario747;Male;Islas Marietas;Costa Rica;2016-01;Friends;5
Usuario1694;Male;Playa Destiladeras;Occidente;2013-02;Family;5
Usuario2081;Female;The Jazz Foundation;Centro;2020-10;Family;5
Usuario1272;Male;Islas Marietas;Occidente;2014-07;Couple;5
Usuario913;Female;Islas Marietas;Estados Unidos;2015-02;Friends;5
Usuario439;Female;Islas Marietas;Canada;2016-02;Friends;5
Usuario1198;Female;Islas Marietas;Noroeste;2017-03;Family;5
Usuario303;Female;Islas Marietas;Argentina;2015-02;Friends;5
Usuario1389;Female;Islas Marietas;Occidente;2016-02;Couple;5
Usuario1735;Male;Playa Destiladeras;Sureste;2013-06;Friends;5
Usuario471;Male;Islas Marietas;Centro;2013-10;Family;5
Usuario1591;Male;Mercado del Pueblo Sayulita;Estados Unidos;2015-12;Friends;5
Usuario574;Male;Islas Marietas;Centro;2015-12;Friends;5
Usuario593;Female;Islas Marietas;Centro;2016-02;Couple;5
Usuario1965;Male;Playa Los Muertos;Tailandia;2015-11;Alone;5
Usuario739;Male;Islas Marietas;Colombia;2015-12;Friends;5
Usuario272;Female;Isla Isabel;Canada;2016-01;Couple;5
Usuario476;Male;Islas Marietas;Centro;2015-05;Couple;5
Usuario1518;Female;Manantial La Tovara;Centro;2019-11;Couple;5
Usuario532;Male;Islas Marietas;Centro;2017-04;Family;5
Usuario2112;Male;The Jazz Foundation;Estados Unidos;2016-01;Family;5
Usuario708;Female;Islas Marietas;Centro;2016-04;Friends;5
Usuario1542;Male;Manantial La Tovara;Occidente;2012-08;Friends;5
Usuario496;Male;Islas Marietas;Centro;2019-07;Family;5
Usuario1249;Male;Islas Marietas;Occidente;2015-05;Family;5
Usuario2;Male;Bahia de Matanchen;Centro;2018-05;Business;5
Usuario253;Female;Isla de Coral;Noreste;2017-04;Family;5
Usuario1324;Female;Islas Marietas;Occidente;2015-05;Couple;5
Usuario1691;Female;Playa Destiladeras;Noroeste;2018-08;Couple;5
Usuario1947;Female;Playa Los Muertos;Occidente;2017-09;Friends;5
Usuario848;Male;Islas Marietas;Estados Unidos;2015-05;Friends;5
Usuario1278;Male;Islas Marietas;Occidente;2016-04;Friends;5
Usuario2237;Female;Santuario de Cocodrilos El Cora;Occidente;2019-08;Family;5
Usuario623;Female;Islas Marietas;Centro;2015-07;Family;5
Usuario1257;Male;Islas Marietas;Occidente;2016-01;Family;5
Usuario1337;Female;Islas Marietas;Occidente;2015-06;Couple;5
Usuario1726;Female;Playa Destiladeras;Occidente;2012-12;Couple;5
Usuario1229;Male;Islas Marietas;Occidente;2014-02;Friends;5
Usuario1235;Male;Islas Marietas;Occidente;2017-01;Family;5
Usuario2182;Male;The Jazz Foundation;Occidente;2017-07;Family;5
Usuario2021;Female;Splash Water Park;Occidente;2014-03;Couple;5
Usuario1463;Male;Islas Marietas;Sureste;2015-07;Family;5
Usuario1253;Male;Islas Marietas;Occidente;2016-05;Friends;5
Usuario1791;Female;Playa Los Muertos;Canada;2017-03;Couple;5
Usuario1124;Female;Islas Marietas;Noreste;2012-08;Couple;5
Usuario1300;Male;Islas Marietas;Occidente;2016-04;Family;5
Usuario1157;Female;Islas Marietas;Noreste;2014-11;Family;5
Usuario1087;Male;Islas Marietas;Noreste;2015-11;Couple;5
Usuario1880;Female;Playa Los Muertos;Estados Unidos;2016-09;Family;5
Usuario1107;Male;Islas Marietas;Noreste;2014-02;Friends;5
Usuario1385;Female;Islas Marietas;Occidente;2015-05;Friends;5
Usuario2030;Female;Splash Water Park;Reino Unido;2015-12;Family;5
Usuario983;Female;Islas Marietas;Estados Unidos;2015-02;Friends;5
Usuario209;Male;Galerias Vallarta;Occidente;2015-01;Couple;5
Usuario1804;Male;Playa Los Muertos;Centro;2017-11;Alone;5
Usuario1134;Female;Islas Marietas;Noreste;2016-07;Friends;5
Usuario1378;Female;Islas Marietas;Occidente;2014-12;Friends;5
Usuario1559;Male;Manantial La Tovara;Occidente;2017-04;Family;5
Usuario1609;Female;Mercado del Pueblo Sayulita;Estados Unidos;2017-03;Family;5
Usuario1846;Male;Playa Los Muertos;Estados Unidos;2015-10;Couple;5
Usuario481;Male;Islas Marietas;Centro;2015-09;Friends;5
Usuario721;Female;Islas Marietas;Centro;2015-05;Family;5
Usuario1460;Male;Islas Marietas;Sureste;2016-09;Couple;5
Usuario1568;Female;Manantial La Tovara;Occidente;2014-01;Family;5
Usuario732;Female;Islas Marietas;Chile;2014-10;Couple;5
Usuario1408;Female;Islas Marietas;Occidente;2015-03;Family;5
Usuario2008;Male;Splash Water Park;Occidente;2017-11;Family;5
Usuario1825;Female;Playa Los Muertos;Centro;2018-01;Couple;5
Usuario1250;Male;Islas Marietas;Occidente;2016-03;Family;5
Usuario1206;Female;Islas Marietas;Noroeste;2015-01;Couple;5
Usuario1704;Male;Playa Destiladeras;Occidente;2013-11;Couple;5
Usuario1357;Female;Islas Marietas;Occidente;2013-03;Couple;5
Usuario1303;Male;Islas Marietas;Occidente;2015-02;Business;5
Usuario217;Female;Galerias Vallarta;Occidente;2014-09;Family;5
Usuario1475;Female;Islas Marietas;Sureste;2018-05;Couple;5
Usuario754;Male;Islas Marietas;Espania;2015-01;Couple;5
Usuario1044;Female;Islas Marietas;Estados Unidos;2016-06;Couple;5
Usuario1900;Male;Playa Los Muertos;Noreste;2015-07;Friends;5
Usuario1876;Female;Playa Los Muertos;Estados Unidos;2016-04;Friends;5
Usuario1662;Male;Playa Destiladeras;Estados Unidos;2016-05;Family;5
Usuario1426;Male;Islas Marietas;Reino Unido;2017-02;Couple;5
Usuario474;Male;Islas Marietas;Centro;2016-03;Friends;5
Usuario289;Male;Islas Marietas;Argentina;2016-11;Couple;5
Usuario1867;Female;Playa Los Muertos;Estados Unidos;2016-11;Family;5
Usuario91;Female;Bucerias Art Walk;Estados Unidos;2016-11;Couple;5
Usuario1799;Male;Playa Los Muertos;Centro;2017-07;Couple;5
Usuario509;Male;Islas Marietas;Centro;2014-07;Family;5
Usuario701;Female;Islas Marietas;Centro;2016-07;Friends;5
Usuario585;Female;Islas Marietas;Centro;2015-09;Couple;5
Usuario778;Male;Islas Marietas;Estados Unidos;2015-01;Business;5
Usuario719;Female;Islas Marietas;Centro;2016-04;Friends;5
Usuario1177;Male;Islas Marietas;Noroeste;2015-07;Friends;5
Usuario1920;Female;Playa Los Muertos;Noroeste;2018-10;Couple;5
Usuario1255;Male;Islas Marietas;Occidente;2013-12;Family;5
Usuario1080;Male;Islas Marietas;Noreste;2014-07;Family;5
Usuario143;Male;Cerro de la Contaduria;Noroeste;2017-08;Couple;5
Usuario24;Male;Bahia de Matanchen;Occidente;2019-03;Couple;5
Usuario1888;Female;Playa Los Muertos;Estados Unidos;2015-10;Family;5
Usuario1015;Female;Islas Marietas;Estados Unidos;2017-03;Couple;5
Usuario702;Female;Islas Marietas;Centro;2014-12;Family;5
Usuario441;Female;Islas Marietas;Canada;2017-04;Alone;5
Usuario1403;Female;Islas Marietas;Occidente;2014-08;Couple;5
Usuario493;Male;Islas Marietas;Centro;2016-07;Family;5
Usuario1456;Male;Islas Marietas;Sureste;2014-06;Friends;5
Usuario1908;Female;Playa Los Muertos;Noreste;2018-07;Family;5
Usuario1584;Female;Mercado del Pueblo Sayulita;Canada;2013-11;Couple;5
Usuario648;Female;Islas Marietas;Centro;2015-06;Couple;5
Usuario1349;Female;Islas Marietas;Occidente;2016-03;Friends;5
Usuario596;Female;Islas Marietas;Centro;2015-06;Friends;5
Usuario1797;Male;Playa Los Muertos;Centro;2016-09;Couple;5
Usuario883;Female;Islas Marietas;Estados Unidos;2015-02;Friends;5
Usuario1488;Female;Islas Marietas;Turquia;2013-12;Couple;5
Usuario564;Male;Islas Marietas;Centro;2016-01;Family;5
Usuario1765;Female;Playa Los Muertos;Alemania;2016-02;Family;5
Usuario475;Male;Islas Marietas;Centro;2015-07;Couple;5
Usuario330;Female;Islas Marietas;Brasil;2017-02;Family;5
Usuario1361;Female;Islas Marietas;Occidente;2016-05;Couple;5
Usuario740;Male;Islas Marietas;Colombia;2016-01;Couple;5
Usuario1328;Female;Islas Marietas;Occidente;2015-07;Family;5
Usuario2012;Male;Splash Water Park;Occidente;2017-02;Family;5
Usuario1136;Female;Islas Marietas;Noreste;2015-07;Couple;5
Usuario1805;Male;Playa Los Muertos;Centro;2017-11;Friends;5
Usuario1819;Female;Playa Los Muertos;Centro;2019-04;Friends;5
Usuario1945;Male;Playa Los Muertos;Occidente;2017-07;Family;5
Usuario479;Male;Islas Marietas;Centro;2015-07;Couple;5
Usuario66;Female;Bucerias Art Walk;Canada;2019-02;Couple;5
Usuario1421;Female;Islas Marietas;Peru;2018-02;Friends;5
Usuario1054;Female;Islas Marietas;Estados Unidos;2016-06;Alone;5
Usuario2226;Male;The Jazz Foundation;Panama;2018-09;Family;5
Usuario204;Male;Galerias Vallarta;Occidente;2019-12;Couple;5
Usuario1621;Female;Playa Destiladeras;Argentina;2015-02;Friends;5
Usuario1135;Female;Islas Marietas;Noreste;2015-08;Family;5
Usuario1422;Female;Islas Marietas;Peru;2015-04;Friends;5
Usuario524;Male;Islas Marietas;Centro;2015-05;Family;5
Usuario23;Male;Bahia de Matanchen;Occidente;2019-01;Family;5
Usuario620;Female;Islas Marietas;Centro;2019-01;Family;5
Usuario1187;Female;Islas Marietas;Noroeste;2016-08;Family;5
Usuario714;Female;Islas Marietas;Centro;2015-10;Family;5
Usuario344;Male;Islas Marietas;Canada;2016-04;Family;5
Usuario1527;Female;Manantial La Tovara;Estados Unidos;2017-02;Couple;5
Usuario37;Male;Bucerias Art Walk;Canada;2015-01;Couple;5
Usuario1254;Male;Islas Marietas;Occidente;2015-03;Friends;5
Usuario2088;Male;The Jazz Foundation;Chile;2017-02;Couple;5
Usuario1512;Male;Manantial La Tovara;Centro;2014-04;Alone;5
Usuario1133;Female;Islas Marietas;Noreste;2016-06;Family;5
Usuario2176;Female;The Jazz Foundation;Noroeste;2018-10;Family;5
Usuario1306;Male;Islas Marietas;Occidente;2014-06;Couple;5
Usuario1700;Male;Playa Destiladeras;Occidente;2012-06;Couple;5
Usuario461;Female;Islas Marietas;Canada;2017-02;Friends;5
Usuario1729;Female;Playa Destiladeras;Occidente;2015-11;Friends;5
Usuario1325;Female;Islas Marietas;Occidente;2013-11;Family;5
Usuario1064;Female;Islas Marietas;Estados Unidos;2015-05;Friends;5
Usuario1916;Female;Playa Los Muertos;Noroeste;2016-08;Family;5
Usuario951;Female;Islas Marietas;Estados Unidos;2015-06;Friends;5
Usuario1544;Male;Manantial La Tovara;Occidente;2015-10;Family;5
Usuario1384;Female;Islas Marietas;Occidente;2014-06;Friends;5
Usuario539;Male;Islas Marietas;Centro;2015-06;Friends;5
Usuario40;Male;Bucerias Art Walk;Canada;2017-01;Family;5
Usuario904;Female;Islas Marietas;Estados Unidos;2014-01;Alone;5
Usuario2150;Female;The Jazz Foundation;Estados Unidos;2014-04;Family;5
Usuario571;Male;Islas Marietas;Centro;2016-05;Family;5
Usuario1695;Male;Playa Destiladeras;Occidente;2018-08;Family;5
Usuario710;Female;Islas Marietas;Centro;2016-05;Couple;5
Usuario1477;Female;Islas Marietas;Sureste;2018-07;Friends;5
Usuario655;Female;Islas Marietas;Centro;2013-09;Family;5
Usuario1412;Female;Islas Marietas;Occidente;2014-09;Friends;5
Usuario284;Male;Islas Marietas;Argentina;2014-12;Business;5
Usuario1571;Female;Manantial La Tovara;Occidente;2013-02;Family;5
Usuario2000;Male;Splash Water Park;Noroeste;2018-04;Couple;5
Usuario193;Female;Galerias Vallarta;Estados Unidos;2015-03;Couple;5
Usuario638;Female;Islas Marietas;Centro;2015-09;Family;5
Usuario933;Female;Islas Marietas;Estados Unidos;2015-10;Friends;5
Usuario270;Female;Isla de Coral;Occidente;2018-08;Family;5
Usuario1852;Female;Playa Los Muertos;Estados Unidos;2016-07;Friends;5
Usuario1935;Male;Playa Los Muertos;Occidente;2019-03;Friends;5
Usuario2013;Male;Splash Water Park;Occidente;2016-08;Family;5
Usuario1554;Male;Manantial La Tovara;Occidente;2016-02;Couple;5
Usuario2007;Male;Splash Water Park;Occidente;2017-04;Family;5
Usuario1755;Male;Playa El Anclote;Occidente;2018-01;Friends;4
Usuario410;Female;Islas Marietas;Canada;2015-12;Friends;4
Usuario992;Female;Islas Marietas;Estados Unidos;2014-08;Family;4
Usuario1859;Female;Playa Los Muertos;Estados Unidos;2017-03;Family;4
Usuario1904;Male;Playa Los Muertos;Noreste;2018-03;Friends;4
Usuario2017;Male;Splash Water Park;Occidente;2016-07;Couple;4
Usuario32;Male;Bucerias Art Walk;Canada;2017-02;Friends;4
Usuario1036;Female;Islas Marietas;Estados Unidos;2014-04;Couple;4
Usuario915;Female;Islas Marietas;Estados Unidos;;Couple;4
Usuario1210;Male;Islas Marietas;Nueva Zelanda;2016-10;Couple;4
Usuario2202;Female;The Jazz Foundation;Occidente;2017-04;Friends;4
Usuario1046;Female;Islas Marietas;Estados Unidos;2016-08;Family;4
Usuario230;Female;Galerias Vallarta;Peru;2016-05;Family;4
Usuario964;Female;Islas Marietas;Estados Unidos;2014-12;Family;4
Usuario1128;Female;Islas Marietas;Noreste;2015-07;Family;4
Usuario724;Male;Islas Marietas;Chile;2014-03;Couple;4
Usuario706;Female;Islas Marietas;Centro;2015-11;Family;4
Usuario2144;Female;The Jazz Foundation;Estados Unidos;2013-10;Couple;4
Usuario260;Male;Isla de Coral;Occidente;2019-11;Family;4
Usuario1975;Female;Splash Water Park;Centro;2012-12;Family;4
Usuario866;Male;Islas Marietas;Estados Unidos;2016-03;Family;4
Usuario2068;Male;The Jazz Foundation;Centro;2015-03;Family;4
Usuario79;Male;Bucerias Art Walk;Estados Unidos;2015-07;Family;4
Usuario611;Female;Islas Marietas;Centro;2013-06;Couple;4
Usuario1855;Female;Playa Los Muertos;Estados Unidos;2017-01;Family;4
Usuario588;Female;Islas Marietas;Centro;2015-01;Couple;4
Usuario893;Female;Islas Marietas;Estados Unidos;2015-05;Couple;4
Usuario442;Female;Islas Marietas;Canada;2015-12;Family;4
Usuario198;Male;Galerias Vallarta;Noreste;2019-05;Family;4
Usuario1223;Male;Islas Marietas;Occidente;2016-09;Couple;4
Usuario257;Male;Isla de Coral;Noroeste;2018-09;Couple;4
Usuario1199;Female;Islas Marietas;Noroeste;2015-05;Friends;4
Usuario171;Male;Galerias Vallarta;Canada;2014-08;Alone;4
Usuario2219;Female;The Jazz Foundation;Occidente;2017-08;Couple;4
Usuario1082;Male;Islas Marietas;Noreste;2015-04;Alone;4
Usuario1838;Male;Playa Los Muertos;Estados Unidos;2017-03;Couple;4
Usuario658;Female;Islas Marietas;Centro;2016-03;Couple;4
Usuario54;Female;Bucerias Art Walk;Canada;2014-01;Couple;4
Usuario843;Male;Islas Marietas;Estados Unidos;2014-06;Couple;4
Usuario1626;Male;Playa Destiladeras;Canada;2015-02;Friends;4
Usuario798;Male;Islas Marietas;Estados Unidos;2016-12;Couple;4
Usuario234;Male;Galerias Vallarta;Reino Unido;2015-03;Friends;4
Usuario1952;Female;Playa Los Muertos;Occidente;2017-02;Family;4
Usuario363;Male;Islas Marietas;Canada;2015-03;Couple;4
Usuario1696;Male;Playa Destiladeras;Occidente;2012-11;Family;4
Usuario1781;Male;Playa Los Muertos;Canada;2016-03;Family;4
Usuario88;Female;Bucerias Art Walk;Estados Unidos;2016-01;Couple;4
Usuario812;Male;Islas Marietas;Estados Unidos;2015-01;Couple;4
Usuario1;Female;Bahia de Matanchen;Canada;2012-01;Couple;4
Usuario2225;Female;The Jazz Foundation;Occidente;2015-05;Couple;4
Usuario872;Male;Islas Marietas;Estados Unidos;2016-02;Couple;4
Usuario1569;Female;Manantial La Tovara;Occidente;2014-07;Family;4
Usuario828;Male;Islas Marietas;Estados Unidos;2015-04;Couple;4
Usuario1566;Female;Manantial La Tovara;Occidente;2013-06;Family;4
Usuario1810;Male;Playa Los Muertos;Centro;2019-10;Couple;4
Usuario2199;Male;The Jazz Foundation;Occidente;2015-01;Family;4
Usuario71;Female;Bucerias Art Walk;Canada;2017-01;Friends;4
Usuario163;Female;Cerro de la Contaduria;Occidente;2014-08;Family;4
Usuario361;Male;Islas Marietas;Canada;2015-03;Family;4
Usuario1679;Female;Playa Destiladeras;Estados Unidos;2017-03;Couple;4
Usuario790;Male;Islas Marietas;Estados Unidos;2017-01;Family;4
Usuario1761;Female;Playa El Anclote;Occidente;2016-03;Friends;4
Usuario943;Female;Islas Marietas;Estados Unidos;2015-10;Couple;4
Usuario1355;Female;Islas Marietas;Occidente;2014-12;Couple;4
Usuario421;Female;Islas Marietas;Canada;2017-02;Family;4
Usuario1099;Male;Islas Marietas;Noreste;2015-08;Family;4
Usuario1066;Female;Islas Marietas;Estados Unidos;2015-06;Family;4
Usuario2054;Female;The Jazz Foundation;Canada;2013-02;Couple;4
Usuario1593;Male;Mercado del Pueblo Sayulita;Estados Unidos;2015-12;Family;4
Usuario1461;Male;Islas Marietas;Sureste;2014-12;Business;4
Usuario127;Male;Centro Historico de Tepic;Peru;2018-03;Business;4
Usuario884;Female;Islas Marietas;Estados Unidos;2016-03;Family;4
Usuario692;Female;Islas Marietas;Centro;2014-07;Friends;4
Usuario2262;Female;Santuario de Cocodrilos El Cora;Argentina;2017-03;Family;4
Usuario1933;Male;Playa Los Muertos;Occidente;2015-02;Couple;4
Usuario332;Male;Islas Marietas;Canada;2016-11;Couple;4
Usuario1442;Female;Islas Marietas;Reino Unido;2014-08;Family;4
Usuario1686;Female;Playa Destiladeras;Noreste;2015-08;Family;4
Usuario1619;Male;Mexcaltitan;Sureste;2016-08;Family;4
Usuario1739;Male;Playa El Anclote;Canada;;Friends;4
Usuario2115;Male;The Jazz Foundation;Estados Unidos;2014-04;Family;4
Usuario2034;Male;The Jazz Foundation;Canada;2015-08;Family;4
Usuario961;Female;Islas Marietas;Estados Unidos;2017-03;Family;4
Usuario2010;Male;Splash Water Park;Occidente;2016-07;Family;4
Usuario2168;Male;The Jazz Foundation;Noroeste;2016-03;Family;4
Usuario430;Female;Islas Marietas;Canada;2016-04;Friends;4
Usuario375;Male;Islas Marietas;Canada;2013-03;Friends;4
Usuario1832;Male;Playa Los Muertos;Estados Unidos;2015-11;Friends;4
Usuario2148;Female;The Jazz Foundation;Estados Unidos;2017-01;Couple;4
Usuario642;Female;Islas Marietas;Centro;2015-06;Family;4
Usuario2011;Male;Splash Water Park;Occidente;2014-08;Family;4
Usuario1171;Male;Islas Marietas;Noroeste;2014-08;Family;4
Usuario2221;Female;The Jazz Foundation;Occidente;2016-06;Couple;4
Usuario990;Female;Islas Marietas;Estados Unidos;2016-12;Family;4
Usuario2087;Female;The Jazz Foundation;Centro;2016-09;Family;4
Usuario418;Female;Islas Marietas;Canada;2016-12;Couple;4
Usuario417;Female;Islas Marietas;Canada;2015-11;Couple;4
Usuario1165;Male;Islas Marietas;Noroeste;2015-04;Couple;4
Usuario64;Female;Bucerias Art Walk;Canada;2016-01;Friends;4
Usuario557;Male;Islas Marietas;Centro;2016-06;Couple;4
Usuario1869;Female;Playa Los Muertos;Estados Unidos;2019-09;Couple;4
Usuario41;Male;Bucerias Art Walk;Canada;2014-04;Business;4
Usuario74;Female;Bucerias Art Walk;Chequia;2015-12;Couple;4
Usuario2183;Male;The Jazz Foundation;Occidente;2016-04;Couple;4
Usuario543;Male;Islas Marietas;Centro;2016-05;Family;4
Usuario1531;Female;Manantial La Tovara;Estados Unidos;2018-01;Friends;4
Usuario1200;Female;Islas Marietas;Noroeste;2017-01;Couple;4
Usuario830;Male;Islas Marietas;Estados Unidos;2015-01;Couple;4
Usuario959;Female;Islas Marietas;Estados Unidos;2014-12;Couple;4
Usuario1745;Male;Playa El Anclote;Estados Unidos;2016-06;Couple;4
Usuario911;Female;Islas Marietas;Estados Unidos;2015-06;Couple;4
Usuario444;Female;Islas Marietas;Canada;2013-11;Couple;4
Usuario378;Female;Islas Marietas;Canada;2015-02;Friends;4
Usuario1505;Female;Manantial La Tovara;Canada;2015-01;Friends;4
Usuario939;Female;Islas Marietas;Estados Unidos;2015-04;Couple;4
Usuario357;Male;Islas Marietas;Canada;2014-12;Couple;4
Usuario1843;Male;Playa Los Muertos;Estados Unidos;2017-04;Friends;4
Usuario559;Male;Islas Marietas;Centro;2014-10;Couple;4
Usuario149;Male;Cerro de la Contaduria;Occidente;2017-04;Family;4
Usuario1977;Female;Splash Water Park;Centro;2015-11;Family;4
Usuario777;Male;Islas Marietas;Estados Unidos;2013-12;Couple;4
Usuario924;Female;Islas Marietas;Estados Unidos;2017-01;Family;4
Usuario59;Female;Bucerias Art Walk;Canada;2014-12;Friends;4
Usuario1213;Male;Islas Marietas;Occidente;2014-07;Family;4
Usuario865;Male;Islas Marietas;Estados Unidos;2015-01;Alone;4
Usuario1247;Male;Islas Marietas;Occidente;2014-09;Friends;4
Usuario2171;Male;The Jazz Foundation;Noroeste;2015-08;Family;4
Usuario670;Female;Islas Marietas;Centro;2015-11;Couple;4
Usuario1344;Female;Islas Marietas;Occidente;2015-04;Couple;4
Usuario2014;Male;Splash Water Park;Occidente;2017-11;Couple;4
Usuario1058;Female;Islas Marietas;Estados Unidos;2014-02;Couple;4
Usuario265;Male;Isla de Coral;Occidente;2018-07;Family;4
Usuario594;Female;Islas Marietas;Centro;2013-03;Couple;4
Usuario962;Female;Islas Marietas;Estados Unidos;2014-12;Couple;4
Usuario1615;Female;Mercado del Pueblo Sayulita;Occidente;2013-01;Alone;4
Usuario2044;Female;The Jazz Foundation;Canada;2017-01;Family;4
Usuario1414;Female;Islas Marietas;Paises Bajos;2014-07;Friends;4
Usuario1294;Male;Islas Marietas;Occidente;2017-03;Family;4
Usuario19;Male;Bahia de Matanchen;Occidente;2012-05;Family;4
Usuario126;Female;Centro Historico de Tepic;Occidente;2018-02;Family;4
Usuario1815;Female;Playa Los Muertos;Centro;2018-02;Couple;4
Usuario2166;Female;The Jazz Foundation;Noreste;2013-08;Family;4
Usuario1684;Male;Playa Destiladeras;Noreste;2015-07;Family;4
Usuario55;Female;Bucerias Art Walk;Canada;2018-10;Couple;4
Usuario131;Female;Cerro de la Contaduria;Alemania;2016-05;Friends;4
Usuario2188;Male;The Jazz Foundation;Occidente;2015-09;Family;4
Usuario2069;Male;The Jazz Foundation;Centro;2016-07;Family;4
Usuario13;Male;Bahia de Matanchen;Occidente;2015-10;Family;4
Usuario1405;Female;Islas Marietas;Occidente;2015-04;Friends;4
Usuario2120;Male;The Jazz Foundation;Estados Unidos;2017-02;Family;4
Usuario1009;Female;Islas Marietas;Estados Unidos;2015-07;Family;4
Usuario927;Female;Islas Marietas;Estados Unidos;2015-07;Friends;4
Usuario1595;Male;Mercado del Pueblo Sayulita;Estados Unidos;2016-12;Family;4
Usuario931;Female;Islas Marietas;Estados Unidos;2017-01;Couple;4
Usuario1237;Male;Islas Marietas;Occidente;2017-05;Couple;4
Usuario784;Male;Islas Marietas;Estados Unidos;2014-12;Couple;4
Usuario75;Male;Bucerias Art Walk;Colombia;2014-02;Couple;4
Usuario1817;Female;Playa Los Muertos;Centro;2015-11;Friends;4
Usuario888;Female;Islas Marietas;Estados Unidos;2015-02;Business;4
Usuario134;Female;Cerro de la Contaduria;Centro;2017-07;Friends;4
Usuario791;Male;Islas Marietas;Estados Unidos;2016-06;Family;4
Usuario95;Female;Bucerias Art Walk;Estados Unidos;2016-11;Friends;4
Usuario456;Female;Islas Marietas;Canada;2015-03;Couple;4
Usuario811;Male;Islas Marietas;Estados Unidos;2014-09;Couple;4
Usuario2178;Male;The Jazz Foundation;Occidente;2013-02;Family;4
Usuario563;Male;Islas Marietas;Centro;2015-05;Couple;4
Usuario1956;Female;Playa Los Muertos;Occidente;2017-08;Family;4
Usuario1547;Male;Manantial La Tovara;Occidente;2015-02;Couple;4
Usuario689;Female;Islas Marietas;Centro;2015-04;Friends;4
Usuario1960;Female;Playa Los Muertos;Rusia;2015-11;Couple;4
Usuario1404;Female;Islas Marietas;Occidente;2016-03;Family;4
Usuario2186;Male;The Jazz Foundation;Occidente;2016-03;Family;4
Usuario1974;Male;Splash Water Park;Centro;2017-11;Family;4
Usuario170;Male;Galerias Vallarta;Canada;2017-04;Couple;4
Usuario2056;Female;The Jazz Foundation;Canada;2017-03;Family;4
Usuario531;Male;Islas Marietas;Centro;2016-01;Couple;4
Usuario1601;Female;Mercado del Pueblo Sayulita;Estados Unidos;2013-01;Couple;4
Usuario480;Male;Islas Marietas;Centro;2014-07;Family;4
Usuario989;Female;Islas Marietas;Estados Unidos;2016-05;Couple;4
Usuario682;Female;Islas Marietas;Centro;2015-12;Couple;4
Usuario1524;Male;Manantial La Tovara;Estados Unidos;2015-12;Family;4
Usuario1227;Male;Islas Marietas;Occidente;2015-07;Family;4
Usuario1579;Male;Mercado del Pueblo Sayulita;Argentina;2014-01;Couple;4
Usuario440;Female;Islas Marietas;Canada;2016-03;Couple;4
Usuario1923;Male;Playa Los Muertos;Occidente;2015-05;Couple;4
Usuario1443;Female;Islas Marietas;Reino Unido;2016-03;Couple;4
Usuario785;Male;Islas Marietas;Estados Unidos;2015-05;Family;4
Usuario1434;Male;Islas Marietas;Reino Unido;2015-07;Family;4
Usuario1844;Male;Playa Los Muertos;Estados Unidos;2017-03;Alone;4
Usuario306;Female;Islas Marietas;Argentina;2016-08;Friends;4
Usuario1720;Male;Playa Destiladeras;Occidente;2012-12;Family;4
Usuario195;Female;Galerias Vallarta;Estados Unidos;2014-10;Alone;4
Usuario360;Male;Islas Marietas;Canada;2016-02;Couple;4
Usuario2184;Male;The Jazz Foundation;Occidente;2015-07;Couple;4
Usuario369;Male;Islas Marietas;Canada;2016-03;Family;4
Usuario1709;Male;Playa Destiladeras;Occidente;2016-06;Couple;4
Usuario1793;Female;Playa Los Muertos;Canada;2016-01;Couple;4
Usuario2246;Female;Santuario de Cocodrilos El Cora;Noreste;2019-07;Family;4
Usuario741;Male;Islas Marietas;Colombia;2014-06;Couple;4
Usuario1435;Female;Islas Marietas;Reino Unido;2015-03;Friends;4
Usuario1558;Male;Manantial La Tovara;Occidente;2017-12;Family;4
Usuario1548;Male;Manantial La Tovara;Occidente;2017-12;Family;4
Usuario1778;Male;Playa Los Muertos;Canada;2015-12;Alone;4
Usuario28;Female;Bahia de Matanchen;Occidente;2014-07;Family;4
Usuario1790;Female;Playa Los Muertos;Canada;2016-01;Couple;4
Usuario94;Female;Bucerias Art Walk;Estados Unidos;2017-03;Couple;4
Usuario413;Female;Islas Marietas;Canada;2016-02;Friends;4
Usuario862;Male;Islas Marietas;Estados Unidos;2015-09;Couple;4
Usuario972;Female;Islas Marietas;Estados Unidos;2016-02;Friends;4
Usuario1698;Male;Playa Destiladeras;Occidente;2019-01;Couple;4
Usuario2048;Female;The Jazz Foundation;Canada;2016-02;Family;4
Usuario1241;Male;Islas Marietas;Occidente;2014-11;Couple;4
Usuario151;Male;Cerro de la Contaduria;Occidente;2016-07;Family;4
Usuario346;Male;Islas Marietas;Canada;2015-01;Family;4
Usuario1560;Male;Manantial La Tovara;Occidente;2017-02;Family;4
Usuario1596;Male;Mercado del Pueblo Sayulita;Estados Unidos;2015-03;Friends;4
Usuario1570;Female;Manantial La Tovara;Occidente;2017-03;Family;4
Usuario886;Female;Islas Marietas;Estados Unidos;2015-01;Couple;4
Usuario1936;Male;Playa Los Muertos;Occidente;2019-02;Friends;4
Usuario958;Female;Islas Marietas;Estados Unidos;2015-10;Couple;4
Usuario1489;Male;Islas Marietas;Uruguay;2015-04;Couple;4
Usuario432;Female;Islas Marietas;Canada;2013-03;Couple;4
Usuario897;Female;Islas Marietas;Estados Unidos;2014-10;Friends;4
Usuario2096;Male;The Jazz Foundation;Estados Unidos;2016-12;Family;4
Usuario1197;Female;Islas Marietas;Noroeste;2015-11;Couple;4
Usuario2022;Female;Splash Water Park;Occidente;2016-03;Family;4
Usuario96;Female;Bucerias Art Walk;Estados Unidos;2019-02;Alone;4
Usuario381;Female;Islas Marietas;Canada;2015-11;Family;4
Usuario1546;Male;Manantial La Tovara;Occidente;2015-04;Family;4
Usuario1503;Male;Manantial La Tovara;Canada;2015-01;Friends;4
Usuario982;Female;Islas Marietas;Estados Unidos;2017-04;Family;4
Usuario712;Female;Islas Marietas;Centro;2020-10;Family;4
Usuario1154;Female;Islas Marietas;Noreste;2017-06;Couple;4
Usuario2261;Female;Santuario de Cocodrilos El Cora;Occidente;2019-07;Family;4
Usuario426;Female;Islas Marietas;Canada;2016-02;Couple;4
Usuario2101;Male;The Jazz Foundation;Estados Unidos;2015-06;Family;4
Usuario1697;Male;Playa Destiladeras;Occidente;2016-06;Family;4
Usuario1522;Female;Manantial La Tovara;Espania;2016-07;Family;4
Usuario2026;Female;Splash Water Park;Occidente;2015-10;Couple;4
Usuario427;Female;Islas Marietas;Canada;2015-11;Couple;4
Usuario1816;Female;Playa Los Muertos;Centro;2016-03;Family;4
Usuario1132;Female;Islas Marietas;Noreste;2014-04;Couple;4
Usuario1039;Female;Islas Marietas;Estados Unidos;2016-12;Family;4
Usuario1721;Male;Playa Destiladeras;Occidente;2015-05;Family;4
Usuario373;Male;Islas Marietas;Canada;2015-03;Family;4
Usuario1958;Female;Playa Los Muertos;Occidente;2017-02;Alone;4
Usuario271;Female;Isla de Coral;Occidente;2018-12;Family;4
Usuario419;Female;Islas Marietas;Canada;2015-11;Friends;4
Usuario814;Male;Islas Marietas;Estados Unidos;2016-02;Couple;4
Usuario1386;Female;Islas Marietas;Occidente;2016-05;Family;4
Usuario1934;Male;Playa Los Muertos;Occidente;2017-07;Friends;4
Usuario277;Male;Isla Isabel;Occidente;2018-04;Family;4
Usuario1256;Male;Islas Marietas;Occidente;2016-01;Friends;4
Usuario1038;Female;Islas Marietas;Estados Unidos;2014-05;Couple;4
Usuario923;Female;Islas Marietas;Estados Unidos;2016-04;Family;4
Usuario947;Female;Islas Marietas;Estados Unidos;2013-04;Couple;4
Usuario863;Male;Islas Marietas;Estados Unidos;2015-08;Family;4
Usuario1420;Female;Islas Marietas;Peru;2015-06;Couple;4
Usuario372;Male;Islas Marietas;Canada;2015-04;Friends;4
Usuario606;Female;Islas Marietas;Centro;2015-08;Family;4
Usuario722;Male;Islas Marietas;Chile;2015-06;Friends;4
Usuario1583;Male;Mercado del Pueblo Sayulita;Canada;2016-02;Family;4
Usuario1037;Female;Islas Marietas;Estados Unidos;2015-02;Couple;4
Usuario840;Male;Islas Marietas;Estados Unidos;2013-03;Couple;4
Usuario1498;Female;Manantial La Tovara;Alemania;2016-05;Friends;4
Usuario2157;Male;The Jazz Foundation;Nicaragua;2016-03;Family;4
Usuario1785;Female;Playa Los Muertos;Canada;2016-02;Friends;4
Usuario1929;Male;Playa Los Muertos;Occidente;2016-05;Friends;4
Usuario1795;Female;Playa Los Muertos;Canada;2016-01;Couple;4
Usuario2020;Male;Splash Water Park;Occidente;2015-07;Friends;4
Usuario2153;Female;The Jazz Foundation;Estados Unidos;2016-02;Couple;4
Usuario377;Female;Islas Marietas;Canada;2015-07;Couple;4
Usuario1428;Male;Islas Marietas;Reino Unido;2015-07;Family;4
Usuario1827;Female;Playa Los Muertos;Centro;2017-05;Family;4
Usuario2136;Female;The Jazz Foundation;Estados Unidos;2015-04;Family;4
Usuario779;Male;Islas Marietas;Estados Unidos;2014-02;Friends;4
Usuario1084;Male;Islas Marietas;Noreste;2016-02;Couple;4
Usuario141;Male;Cerro de la Contaduria;Noreste;2016-03;Family;4
Usuario769;Male;Islas Marietas;Estados Unidos;2015-04;Family;4
Usuario386;Female;Islas Marietas;Canada;2015-07;Family;4
Usuario2060;Female;The Jazz Foundation;Canada;2019-05;Couple;4
Usuario1738;Female;Playa El Anclote;Australia;;Couple;4
Usuario645;Female;Islas Marietas;Centro;2018-02;Family;4
Usuario2067;Male;The Jazz Foundation;Centro;2018-08;Family;4
Usuario1592;Male;Mercado del Pueblo Sayulita;Estados Unidos;2013-04;Couple;4
Usuario1741;Male;Playa El Anclote;Centro;2015-08;Couple;4
Usuario286;Male;Islas Marietas;Argentina;2015-01;Family;4
Usuario2196;Male;The Jazz Foundation;Occidente;2017-05;Family;4
Usuario1330;Female;Islas Marietas;Occidente;2015-03;Friends;4
Usuario2192;Male;The Jazz Foundation;Occidente;2014-11;Friends;4
Usuario950;Female;Islas Marietas;Estados Unidos;2015-02;Couple;4
Usuario899;Female;Islas Marietas;Estados Unidos;2016-04;Friends;4
Usuario136;Female;Cerro de la Contaduria;Centro;2012-12;Family;4
Usuario1594;Male;Mercado del Pueblo Sayulita;Estados Unidos;2019-03;Friends;4
Usuario1807;Male;Playa Los Muertos;Centro;2016-01;Alone;4
Usuario353;Male;Islas Marietas;Canada;2016-02;Couple;4
Usuario589;Female;Islas Marietas;Centro;2016-03;Family;4
Usuario799;Male;Islas Marietas;Estados Unidos;2014-11;Couple;4
Usuario1990;Female;Splash Water Park;Estados Unidos;2014-06;Family;4
Usuario1892;Female;Playa Los Muertos;Estados Unidos;2016-03;Family;4
Usuario1862;Female;Playa Los Muertos;Estados Unidos;2017-02;Couple;4
Usuario1265;Male;Islas Marietas;Occidente;2015-09;Couple;4
Usuario997;Female;Islas Marietas;Estados Unidos;2015-06;Family;4
Usuario1677;Female;Playa Destiladeras;Estados Unidos;2019-07;Family;4
Usuario433;Female;Islas Marietas;Canada;2015-04;Friends;4
Usuario549;Male;Islas Marietas;Centro;2015-07;Family;4
Usuario800;Male;Islas Marietas;Estados Unidos;2014-12;Family;4
Usuario979;Female;Islas Marietas;Estados Unidos;2014-03;Couple;4
Usuario1829;Male;Playa Los Muertos;Chequia;2015-11;Friends;4
Usuario513;Male;Islas Marietas;Centro;2014-02;Couple;4
Usuario1010;Female;Islas Marietas;Estados Unidos;2016-03;Family;4
Usuario409;Female;Islas Marietas;Canada;2013-04;Friends;4
Usuario1459;Male;Islas Marietas;Sureste;2017-02;Couple;4
Usuario2033;Male;The Jazz Foundation;Argentina;2017-08;Family;4
Usuario709;Female;Islas Marietas;Centro;2015-02;Friends;4
Usuario1195;Female;Islas Marietas;Noroeste;2016-12;Family;4
Usuario874;Male;Islas Marietas;Estados Unidos;2016-04;Family;4
Usuario926;Female;Islas Marietas;Estados Unidos;2016-04;Couple;4
Usuario1274;Male;Islas Marietas;Occidente;2015-03;Friends;4
Usuario1320;Female;Islas Marietas;Occidente;2016-09;Family;4
Usuario782;Male;Islas Marietas;Estados Unidos;2017-03;Friends;4
Usuario2149;Female;The Jazz Foundation;Estados Unidos;2012-10;Family;4
Usuario1872;Female;Playa Los Muertos;Estados Unidos;2016-01;Friends;4
Usuario1706;Male;Playa Destiladeras;Occidente;2014-08;Friends;4
Usuario1129;Female;Islas Marietas;Noreste;2016-04;Friends;4
Usuario1806;Male;Playa Los Muertos;Centro;2017-08;Family;4
Usuario2220;Female;The Jazz Foundation;Occidente;2012-03;Couple;4
Usuario2092;Male;The Jazz Foundation;Costa Rica;2019-12;Family;4
Usuario1964;Female;Playa Los Muertos;Sureste;2016-03;Alone;4
Usuario231;Female;Galerias Vallarta;Puerto Rico;2015-01;Couple;4
Usuario817;Male;Islas Marietas;Estados Unidos;2014-01;Couple;4
Usuario459;Female;Islas Marietas;Canada;2016-01;Alone;4
Usuario1854;Female;Playa Los Muertos;Estados Unidos;2017-05;Couple;4
Usuario90;Female;Bucerias Art Walk;Estados Unidos;2014-12;Alone;4
Usuario548;Male;Islas Marietas;Centro;2016-06;Couple;4
Usuario1970;Female;Splash Water Park;Canada;2013-05;Family;4
Usuario1949;Female;Playa Los Muertos;Occidente;2017-05;Couple;4
Usuario2134;Female;The Jazz Foundation;Estados Unidos;2017-07;Couple;4
Usuario267;Female;Isla de Coral;Occidente;2018-03;Family;4
Usuario815;Male;Islas Marietas;Estados Unidos;2015-01;Family;4
Usuario1672;Male;Playa Destiladeras;Estados Unidos;2016-10;Family;4
Usuario2002;Male;Splash Water Park;Occidente;2016-04;Family;4
Usuario738;Male;Islas Marietas;Colombia;2014-12;Family;4
Usuario1376;Female;Islas Marietas;Occidente;2015-02;Family;4
Usuario1409;Female;Islas Marietas;Occidente;2015-05;Friends;4
Usuario1950;Female;Playa Los Muertos;Occidente;2015-08;Couple;4
Usuario767;Male;Islas Marietas;Estados Unidos;2015-12;Family;4
Usuario14;Male;Bahia de Matanchen;Occidente;2012-08;Family;4
Usuario2031;Male;The Jazz Foundation;Alemania;2013-06;Family;4
Usuario281;Male;Islas Marietas;Argentina;2015-09;Family;4
Usuario1440;Female;Islas Marietas;Reino Unido;2016-09;Couple;4
Usuario1798;Male;Playa Los Muertos;Centro;2019-05;Alone;4
Usuario129;Female;Centro Historico de Tepic;Sureste;2017-12;Family;4
Usuario87;Female;Bucerias Art Walk;Estados Unidos;2015-03;Couple;4
Usuario718;Female;Islas Marietas;Centro;2016-01;Alone;4
Usuario395;Female;Islas Marietas;Canada;2015-02;Couple;4
Usuario78;Male;Bucerias Art Walk;Estados Unidos;2015-03;Friends;4
Usuario2006;Male;Splash Water Park;Occidente;2015-03;Family;4
Usuario797;Male;Islas Marietas;Estados Unidos;2016-01;Family;4
Usuario1760;Female;Playa El Anclote;Occidente;2018-05;Couple;4
Usuario1289;Male;Islas Marietas;Occidente;2015-07;Family;4
Usuario941;Female;Islas Marietas;Estados Unidos;2016-08;Family;4
Usuario1513;Male;Manantial La Tovara;Centro;2015-03;Couple;4
Usuario1366;Female;Islas Marietas;Occidente;2015-04;Family;4
Usuario1789;Female;Playa Los Muertos;Canada;2017-04;Friends;4
Usuario412;Female;Islas Marietas;Canada;2015-11;Friends;4
Usuario165;Female;Cerro de la Contaduria;Sureste;2015-04;Family;4
Usuario1705;Male;Playa Destiladeras;Occidente;2018-06;Couple;4
Usuario384;Female;Islas Marietas;Canada;2015-02;Family;4
Usuario2198;Male;The Jazz Foundation;Occidente;2016-08;Couple;4
Usuario1841;Male;Playa Los Muertos;Estados Unidos;2016-04;Friends;4
Usuario167;Female;Galerias Vallarta;Argentina;2014-05;Friends;4
Usuario49;Female;Bucerias Art Walk;Canada;2016-03;Friends;4
Usuario448;Female;Islas Marietas;Canada;2015-08;Family;4
Usuario110;Female;Bucerias Art Walk;Occidente;2016-03;Alone;4
Usuario1776;Male;Playa Los Muertos;Canada;2016-02;Couple;4
Usuario1290;Male;Islas Marietas;Occidente;2014-02;Business;4
Usuario652;Female;Islas Marietas;Centro;2017-02;Couple;4
Usuario764;Male;Islas Marietas;Estados Unidos;2015-02;Couple;4
Usuario140;Female;Cerro de la Contaduria;Estados Unidos;2015-04;Family;4
Usuario1067;Female;Islas Marietas;Estados Unidos;2015-06;Family;4
Usuario953;Female;Islas Marietas;Estados Unidos;2015-01;Couple;4
Usuario856;Male;Islas Marietas;Estados Unidos;2014-09;Friends;4
Usuario1675;Female;Playa Destiladeras;Estados Unidos;2016-06;Couple;4
Usuario1641;Female;Playa Destiladeras;Canada;2019-02;Couple;4
Usuario2250;Male;Santuario de Cocodrilos El Cora;Estados Unidos;2018-03;Family;4
Usuario901;Female;Islas Marietas;Estados Unidos;2016-03;Family;4
Usuario720;Female;Islas Marietas;Centro;2016-10;Alone;4
Usuario467;Male;Islas Marietas;Centro;2016-12;Couple;4
Usuario1972;Female;Splash Water Park;Canada;2016-04;Friends;4
Usuario1423;Male;Islas Marietas;Portugal;2015-05;Couple;4
Usuario1714;Male;Playa Destiladeras;Occidente;2012-12;Couple;4
Usuario322;Male;Islas Marietas;Australia;2015-11;Friends;4
Usuario1997;Male;Splash Water Park;Noreste;2018-07;Family;4
Usuario1353;Female;Islas Marietas;Occidente;2016-02;Friends;4
Usuario5;Female;Bahia de Matanchen;Centro;2012-12;Family;4
Usuario2122;Male;The Jazz Foundation;Estados Unidos;2015-06;Family;4
Usuario1988;Female;Splash Water Park;Estados Unidos;2014-08;Family;4
Usuario219;Female;Galerias Vallarta;Occidente;2017-04;Family;4
Usuario733;Female;Islas Marietas;Chile;2014-04;Couple;4
Usuario89;Female;Bucerias Art Walk;Estados Unidos;2014-02;Friends;4
Usuario1812;Female;Playa Los Muertos;Centro;2019-10;Friends;4
Usuario1550;Male;Manantial La Tovara;Occidente;2016-02;Friends;4
Usuario1637;Female;Playa Destiladeras;Canada;2014-11;Friends;4
Usuario1228;Male;Islas Marietas;Occidente;2013-02;Family;4
Usuario251;Male;Isla de Coral;Noreste;2017-05;Family;4
Usuario1076;Female;Islas Marietas;Nepal;2014-10;Couple;4
Usuario1993;Female;Splash Water Park;Estados Unidos;2014-08;Friends;4
Usuario1104;Male;Islas Marietas;Noreste;2015-05;Friends;4
Usuario816;Male;Islas Marietas;Estados Unidos;2014-08;Family;4
Usuario48;Female;Bucerias Art Walk;Canada;2018-04;Friends;4
Usuario1001;Female;Islas Marietas;Estados Unidos;2014-06;Family;4
Usuario2084;Female;The Jazz Foundation;Centro;2013-08;Family;4
Usuario1335;Female;Islas Marietas;Occidente;2015-08;Family;4
Usuario912;Female;Islas Marietas;Estados Unidos;2016-03;Couple;4
Usuario520;Male;Islas Marietas;Centro;2015-03;Couple;4
Usuario2247;Female;Santuario de Cocodrilos El Cora;Argentina;2017-03;Family;4
Usuario1744;Female;Playa El Anclote;Centro;2015-12;Family;4
Usuario2200;Male;The Jazz Foundation;Occidente;2013-06;Family;4
Usuario1803;Male;Playa Los Muertos;Centro;2019-01;Couple;4
Usuario826;Male;Islas Marietas;Estados Unidos;2015-03;Couple;4
Usuario1998;Male;Splash Water Park;Noreste;2015-12;Family;4
Usuario1989;Female;Splash Water Park;Estados Unidos;2014-08;Family;4
Usuario661;Female;Islas Marietas;Centro;2013-08;Friends;4
Usuario1713;Male;Playa Destiladeras;Occidente;2016-02;Couple;4
Usuario1814;Female;Playa Los Muertos;Centro;2018-03;Couple;4
Usuario150;Male;Cerro de la Contaduria;Occidente;2015-04;Family;4
Usuario1710;Male;Playa Destiladeras;Occidente;2014-05;Family;4
Usuario1986;Male;Splash Water Park;Estados Unidos;2016-08;Family;4
Usuario860;Male;Islas Marietas;Estados Unidos;2016-04;Couple;4
Usuario69;Female;Bucerias Art Walk;Canada;2014-02;Friends;4
Usuario996;Female;Islas Marietas;Estados Unidos;2017-03;Family;4
Usuario1661;Male;Playa Destiladeras;Estados Unidos;2016-02;Couple;4
Usuario460;Female;Islas Marietas;Canada;2015-12;Family;4
Usuario917;Female;Islas Marietas;Estados Unidos;2015-05;Couple;4
Usuario677;Female;Islas Marietas;Centro;2015-04;Couple;4
Usuario1322;Female;Islas Marietas;Occidente;2014-07;Family;4
Usuario1476;Female;Islas Marietas;Sureste;2015-07;Couple;4
Usuario1764;Male;Playa Los Ayala;Occidente;2018-12;Couple;4
Usuario1089;Male;Islas Marietas;Noreste;2016-09;Couple;4
Usuario988;Female;Islas Marietas;Estados Unidos;2014-10;Family;4
Usuario387;Female;Islas Marietas;Canada;2015-07;Couple;4
Usuario283;Male;Islas Marietas;Argentina;2015-04;Couple;4
Usuario1258;Male;Islas Marietas;Occidente;2019-03;Couple;4
Usuario233;Male;Galerias Vallarta;Reino Unido;2016-06;Family;4
Usuario1653;Male;Playa Destiladeras;Centro;2017-05;Family;4
Usuario1049;Female;Islas Marietas;Estados Unidos;2016-09;Couple;4
Usuario761;Male;Islas Marietas;Estados Unidos;2015-03;Couple;4
Usuario1689;Male;Playa Destiladeras;Noroeste;2016-09;Couple;4
Usuario371;Male;Islas Marietas;Canada;2017-04;Family;4
Usuario2135;Female;The Jazz Foundation;Estados Unidos;2016-03;Family;4
Usuario68;Female;Bucerias Art Walk;Canada;2014-01;Couple;4
Usuario182;Male;Galerias Vallarta;Centro;2015-07;Couple;4
Usuario326;Female;Islas Marietas;Australia;2015-10;Friends;4
Usuario905;Female;Islas Marietas;Estados Unidos;2014-04;Friends;4
Usuario1577;Male;Manantial La Tovara;Sureste;2016-08;Family;4
Usuario301;Female;Islas Marietas;Argentina;2014-05;Couple;4
Usuario200;Male;Galerias Vallarta;Noroeste;2016-01;Couple;3
Usuario966;Female;Islas Marietas;Estados Unidos;2017-01;Alone;3
Usuario510;Male;Islas Marietas;Centro;2016-04;Family;3
Usuario666;Female;Islas Marietas;Centro;2015-01;Friends;3
Usuario52;Female;Bucerias Art Walk;Canada;2015-12;Couple;3
Usuario397;Female;Islas Marietas;Canada;2017-02;Couple;3
Usuario1580;Male;Mercado del Pueblo Sayulita;Argentina;2018-10;Couple;3
Usuario1145;Female;Islas Marietas;Noreste;2015-04;Couple;3
Usuario803;Male;Islas Marietas;Estados Unidos;2014-07;Family;3
Usuario431;Female;Islas Marietas;Canada;2017-02;Couple;3
Usuario1966;Male;Splash Water Park;Canada;2014-11;Friends;3
Usuario2180;Male;The Jazz Foundation;Occidente;2016-11;Couple;3
Usuario1069;Female;Islas Marietas;Finlandia;;Friends;3
Usuario207;Male;Galerias Vallarta;Occidente;2016-11;Couple;3
Usuario103;Female;Bucerias Art Walk;Estados Unidos;2017-02;Couple;3
Usuario239;Male;Isla de Coral;Centro;2017-04;Family;3
Usuario199;Female;Galerias Vallarta;Noreste;2017-04;Family;3
Usuario323;Male;Islas Marietas;Australia;2015-07;Couple;3
Usuario2163;Female;The Jazz Foundation;Noreste;2016-07;Family;3
Usuario1183;Male;Islas Marietas;Noroeste;2014-04;Couple;3
Usuario2074;Male;The Jazz Foundation;Centro;2016-08;Family;3
Usuario355;Male;Islas Marietas;Canada;2015-03;Couple;3
Usuario1018;Female;Islas Marietas;Estados Unidos;2013-04;Couple;3
Usuario2004;Male;Splash Water Park;Occidente;2017-09;Family;3
Usuario526;Male;Islas Marietas;Centro;2013-05;Family;3
Usuario318;Female;Islas Marietas;Argentina;2015-02;Family;3
Usuario1448;Male;Islas Marietas;Sureste;2015-12;Alone;3
Usuario1432;Male;Islas Marietas;Reino Unido;2014-12;Friends;3
Usuario556;Male;Islas Marietas;Centro;2016-02;Friends;3
Usuario1053;Female;Islas Marietas;Estados Unidos;2014-02;Couple;3
Usuario189;Male;Galerias Vallarta;Estados Unidos;2019-04;Couple;3
Usuario2209;Female;The Jazz Foundation;Occidente;2017-02;Family;3
Usuario1402;Female;Islas Marietas;Occidente;2016-10;Couple;3
Usuario1834;Male;Playa Los Muertos;Estados Unidos;2017-03;Family;3
Usuario1003;Female;Islas Marietas;Estados Unidos;2014-07;Couple;3
Usuario3;Female;Bahia de Matanchen;Centro;2017-06;Friends;3
Usuario30;Male;Bucerias Art Walk;Canada;2019-03;Couple;3
Usuario534;Male;Islas Marietas;Centro;2017-05;Couple;3
Usuario335;Male;Islas Marietas;Canada;2014-11;Couple;3
Usuario820;Male;Islas Marietas;Estados Unidos;2015-07;Family;3
Usuario921;Female;Islas Marietas;Estados Unidos;2014-06;Family;3
Usuario1144;Female;Islas Marietas;Noreste;2015-04;Couple;3
Usuario1590;Male;Mercado del Pueblo Sayulita;Estados Unidos;2019-12;Couple;3
Usuario759;Female;Islas Marietas;Espania;2016-08;Couple;3
Usuario728;Male;Islas Marietas;Chile;2015-04;Couple;3
Usuario1890;Female;Playa Los Muertos;Estados Unidos;2017-04;Friends;3
Usuario2197;Male;The Jazz Foundation;Occidente;2015-08;Family;3
Usuario805;Male;Islas Marietas;Estados Unidos;2014-10;Couple;3
Usuario244;Female;Isla de Coral;Centro;2017-02;Alone;3
Usuario1043;Female;Islas Marietas;Estados Unidos;2016-07;Friends;3
Usuario404;Female;Islas Marietas;Canada;2015-01;Friends;3
Usuario176;Female;Galerias Vallarta;Canada;2015-11;Couple;3
Usuario920;Female;Islas Marietas;Estados Unidos;2014-06;Couple;3
Usuario1363;Female;Islas Marietas;Occidente;2016-02;Friends;3
Usuario2229;Male;The Jazz Foundation;Reino Unido;2016-09;Family;3
Usuario229;Female;Galerias Vallarta;Peru;2018-05;Couple;3
Usuario98;Female;Bucerias Art Walk;Estados Unidos;2017-01;Couple;3
Usuario2251;Male;Santuario de Cocodrilos El Cora;Canada;2017-01;Couple;3
Usuario192;Female;Galerias Vallarta;Estados Unidos;2015-11;Friends;3
Usuario1175;Male;Islas Marietas;Noroeste;2015-08;Family;3
Usuario45;Female;Bucerias Art Walk;Canada;2017-01;Family;3
Usuario954;Female;Islas Marietas;Estados Unidos;2015-05;Friends;3
Usuario228;Male;Galerias Vallarta;Peru;2017-03;Couple;3
Usuario2053;Female;The Jazz Foundation;Canada;2012-12;Family;3
Usuario407;Female;Islas Marietas;Canada;2013-12;Couple;3
Usuario1017;Female;Islas Marietas;Estados Unidos;2017-04;Friends;3
Usuario984;Female;Islas Marietas;Estados Unidos;2013-07;Couple;3
Usuario2111;Male;The Jazz Foundation;Estados Unidos;2016-04;Family;3
Usuario2255;Female;Santuario de Cocodrilos El Cora;Canada;2016-02;Friends;3
Usuario451;Female;Islas Marietas;Canada;2015-09;Couple;3
Usuario1870;Female;Playa Los Muertos;Estados Unidos;2017-04;Couple;3
Usuario414;Female;Islas Marietas;Canada;2014-04;Family;3
Usuario331;Male;Islas Marietas;Canada;2014-12;Family;3
Usuario1317;Female;Islas Marietas;Occidente;2015-03;Family;3
Usuario309;Female;Islas Marietas;Argentina;2015-07;Alone;3
Usuario963;Female;Islas Marietas;Estados Unidos;2012-08;Couple;3
Usuario179;Male;Galerias Vallarta;Centro;2017-07;Family;3
Usuario1823;Female;Playa Los Muertos;Centro;2016-04;Couple;3
Usuario1617;Female;Mercado del Pueblo Sayulita;Sureste;2015-11;Family;3
Usuario641;Female;Islas Marietas;Centro;2014-04;Family;3
Usuario300;Female;Islas Marietas;Argentina;2017-01;Family;3
Usuario2046;Female;The Jazz Foundation;Canada;2015-02;Family;3
Usuario339;Male;Islas Marietas;Canada;2015-11;Family;3
Usuario793;Male;Islas Marietas;Estados Unidos;2016-02;Couple;3
Usuario1858;Female;Playa Los Muertos;Estados Unidos;2017-05;Couple;3
Usuario327;Female;Islas Marietas;Australia;2016-11;Couple;3
Usuario1149;Female;Islas Marietas;Noreste;2016-03;Family;3
Usuario1449;Male;Islas Marietas;Sureste;2015-11;Couple;3
Usuario38;Male;Bucerias Art Walk;Canada;2017-03;Couple;3
Usuario858;Male;Islas Marietas;Estados Unidos;2015-11;Couple;3
Usuario362;Male;Islas Marietas;Canada;2014-02;Friends;3
Usuario1005;Female;Islas Marietas;Estados Unidos;2016-12;Couple;3
Usuario2118;Male;The Jazz Foundation;Estados Unidos;2015-06;Family;3
Usuario1878;Female;Playa Los Muertos;Estados Unidos;2016-12;Family;3
Usuario2161;Male;The Jazz Foundation;Noreste;2017-06;Family;3
Usuario351;Male;Islas Marietas;Canada;2016-07;Family;3
Usuario1474;Female;Islas Marietas;Sureste;2015-01;Friends;3
Usuario635;Female;Islas Marietas;Centro;2014-04;Couple;3
Usuario236;Male;Isla de Coral;Canada;2017-03;Couple;3
Usuario65;Female;Bucerias Art Walk;Canada;2014-02;Friends;3
Usuario1605;Female;Mercado del Pueblo Sayulita;Estados Unidos;;Friends;3
Usuario877;Male;Islas Marietas;Estados Unidos;2016-01;Family;3
Usuario787;Male;Islas Marietas;Estados Unidos;2014-01;Family;3
Usuario674;Female;Islas Marietas;Centro;2015-02;Family;3
Usuario2093;Male;The Jazz Foundation;Estados Unidos;2016-06;Family;3
Usuario2119;Male;The Jazz Foundation;Estados Unidos;2016-08;Family;3
Usuario752;Female;Islas Marietas;Ecuador;2017-02;Couple;3
Usuario67;Female;Bucerias Art Walk;Canada;2017-01;Couple;3
Usuario104;Female;Bucerias Art Walk;Estados Unidos;2016-02;Couple;3
Usuario401;Female;Islas Marietas;Canada;2015-03;Family;3
Usuario2065;Female;The Jazz Foundation;Canada;2013-04;Family;3
Usuario1000;Female;Islas Marietas;Estados Unidos;2015-03;Couple;3
Usuario133;Male;Cerro de la Contaduria;Centro;2013-06;Family;3
Usuario1514;Female;Manantial La Tovara;Centro;2017-06;Family;3
Usuario455;Female;Islas Marietas;Canada;2017-01;Family;3
Usuario2077;Female;The Jazz Foundation;Centro;2013-11;Family;3
Usuario1006;Female;Islas Marietas;Estados Unidos;2014-01;Family;3
Usuario1985;Male;Splash Water Park;Estados Unidos;2017-02;Couple;3
Usuario2139;Female;The Jazz Foundation;Estados Unidos;2014-07;Family;3
Usuario411;Female;Islas Marietas;Canada;2016-01;Friends;3
Usuario366;Male;Islas Marietas;Canada;2015-02;Family;3
Usuario869;Male;Islas Marietas;Estados Unidos;2016-01;Friends;3
Usuario352;Male;Islas Marietas;Canada;2015-06;Couple;3
Usuario2029;Female;Splash Water Park;Reino Unido;2017-03;Family;3
Usuario1725;Female;Playa Destiladeras;Occidente;2012-08;Couple;3
Usuario2045;Female;The Jazz Foundation;Canada;2015-03;Family;3
Usuario1931;Male;Playa Los Muertos;Occidente;2016-07;Couple;3
Usuario2253;Male;Santuario de Cocodrilos El Cora;Occidente;2016-03;Couple;3
Usuario2201;Male;The Jazz Foundation;Occidente;2014-08;Business;3
Usuario1589;Male;Mercado del Pueblo Sayulita;Chile;2017-03;Family;3
Usuario400;Female;Islas Marietas;Canada;2015-02;Couple;3
Usuario349;Male;Islas Marietas;Canada;2015-02;Friends;3
Usuario745;Female;Islas Marietas;Colombia;2015-07;Couple;3
Usuario164;Male;Cerro de la Contaduria;Reino Unido;2015-12;Alone;3
Usuario399;Female;Islas Marietas;Canada;2017-04;Family;3
Usuario2062;Female;The Jazz Foundation;Canada;2017-02;Family;3
Usuario1445;Male;Islas Marietas;Sudafrica;2016-05;Family;3
Usuario2211;Female;The Jazz Foundation;Occidente;2019-09;Family;3
Usuario1901;Male;Playa Los Muertos;Noreste;2020-01;Alone;3
Usuario1976;Female;Splash Water Park;Centro;2017-08;Business;3
Usuario994;Female;Islas Marietas;Estados Unidos;2017-03;Family;3
Usuario269;Female;Isla de Coral;Occidente;2017-07;Couple;3
Usuario1431;Male;Islas Marietas;Reino Unido;2014-10;Couple;3
Usuario2179;Male;The Jazz Foundation;Occidente;2016-08;Family;3
Usuario10;Male;Bahia de Matanchen;Noroeste;2017-08;Couple;3
Usuario356;Male;Islas Marietas;Canada;2016-02;Family;3
Usuario1211;Female;Islas Marietas;Nueva Zelanda;2015-07;Couple;3
Usuario998;Female;Islas Marietas;Estados Unidos;2016-08;Family;3
Usuario1246;Male;Islas Marietas;Occidente;2016-01;Couple;3
Usuario842;Male;Islas Marietas;Estados Unidos;2014-06;Family;3
Usuario819;Male;Islas Marietas;Estados Unidos;2015-10;Couple;3
Usuario909;Female;Islas Marietas;Estados Unidos;2016-02;Friends;3
Usuario734;Female;Islas Marietas;Chile;2016-01;Alone;3
Usuario2059;Female;The Jazz Foundation;Canada;2015-02;Family;3
Usuario498;Male;Islas Marietas;Centro;2014-01;Family;3
Usuario2109;Male;The Jazz Foundation;Estados Unidos;2016-06;Friends;3
Usuario2082;Female;The Jazz Foundation;Centro;2016-03;Couple;3
Usuario935;Female;Islas Marietas;Estados Unidos;2013-01;Friends;3
Usuario2256;Male;Santuario de Cocodrilos El Cora;Estados Unidos;2013-10;Friends;3
Usuario159;Female;Cerro de la Contaduria;Occidente;2015-12;Family;3
Usuario1909;Female;Playa Los Muertos;Noreste;2017-07;Family;3
Usuario454;Female;Islas Marietas;Canada;2014-11;Couple;3
Usuario861;Male;Islas Marietas;Estados Unidos;2015-03;Family;3
Usuario114;Female;Bucerias Art Walk;Reino Unido;2017-03;Couple;3
Usuario788;Male;Islas Marietas;Estados Unidos;2015-07;Family;3
Usuario1836;Male;Playa Los Muertos;Estados Unidos;2017-06;Family;3
Usuario841;Male;Islas Marietas;Estados Unidos;2015-02;Couple;3
Usuario1968;Male;Splash Water Park;Canada;2017-01;Family;2
Usuario1371;Female;Islas Marietas;Occidente;2015-02;Couple;2
Usuario825;Male;Islas Marietas;Estados Unidos;2014-08;Couple;2
Usuario258;Male;Isla de Coral;Occidente;2018-03;Friends;2
Usuario1581;Female;Mercado del Pueblo Sayulita;Bolivia;2016-01;Couple;2
Usuario1002;Female;Islas Marietas;Estados Unidos;2014-08;Family;2
Usuario2215;Female;The Jazz Foundation;Occidente;2018-03;Family;2
Usuario1059;Female;Islas Marietas;Estados Unidos;2015-01;Couple;2
Usuario2257;Female;Santuario de Cocodrilos El Cora;Centro;2017-05;Friends;2
Usuario435;Female;Islas Marietas;Canada;2015-04;Family;2
Usuario1824;Female;Playa Los Muertos;Centro;2015-08;Family;2
Usuario470;Male;Islas Marietas;Centro;2014-01;Family;2
Usuario919;Female;Islas Marietas;Estados Unidos;2014-11;Friends;2
Usuario380;Female;Islas Marietas;Canada;2014-02;Family;2
Usuario1429;Male;Islas Marietas;Reino Unido;2015-04;Couple;2
Usuario121;Male;Centro Historico de Tepic;Noreste;2018-05;Alone;2
Usuario423;Female;Islas Marietas;Canada;2014-10;Friends;2
Usuario882;Female;Islas Marietas;Estados Unidos;2016-09;Couple;2
Usuario294;Male;Islas Marietas;Argentina;2015-01;Couple;2
Usuario1510;Male;Manantial La Tovara;Centro;2016-07;Family;2
Usuario252;Male;Isla de Coral;Noreste;2017-05;Family;2
Usuario859;Male;Islas Marietas;Estados Unidos;2016-04;Couple;2
Usuario2080;Female;The Jazz Foundation;Centro;2015-03;Family;2
Usuario1430;Male;Islas Marietas;Reino Unido;2015-04;Couple;2
Usuario1034;Female;Islas Marietas;Estados Unidos;2017-03;Couple;2
Usuario2235;Female;The Jazz Foundation;Venezuela;2015-11;Family;2
Usuario396;Female;Islas Marietas;Canada;2013-09;Couple;2
Usuario744;Female;Islas Marietas;Colombia;2017-01;Friends;2
Usuario902;Female;Islas Marietas;Estados Unidos;2015-03;Couple;2
Usuario735;Female;Islas Marietas;Chipre;2016-04;Family;2
Usuario1055;Female;Islas Marietas;Estados Unidos;2015-05;Couple;2
Usuario458;Female;Islas Marietas;Canada;2013-04;Alone;2
Usuario981;Female;Islas Marietas;Estados Unidos;2015-12;Friends;2
Usuario2064;Female;The Jazz Foundation;Canada;2014-03;Family;2
Usuario1433;Male;Islas Marietas;Reino Unido;2015-05;Alone;2
Usuario364;Male;Islas Marietas;Canada;2015-04;Couple;2
Usuario831;Male;Islas Marietas;Estados Unidos;2016-03;Couple;2
Usuario2203;Female;The Jazz Foundation;Occidente;2013-08;Family;2
Usuario1468;Female;Islas Marietas;Sureste;2013-05;Couple;2
Usuario1655;Female;Playa Destiladeras;Centro;2013-07;Friends;2
Usuario1995;Female;Splash Water Park;Estados Unidos;2013-11;Family;2
Usuario873;Male;Islas Marietas;Estados Unidos;2017-06;Family;2
Usuario792;Male;Islas Marietas;Estados Unidos;2016-05;Couple;2
Usuario31;Male;Bucerias Art Walk;Canada;2014-03;Friends;2
Usuario1202;Female;Islas Marietas;Noroeste;2016-04;Friends;2
Usuario449;Female;Islas Marietas;Canada;2015-05;Couple;2
Usuario53;Female;Bucerias Art Walk;Canada;2018-11;Couple;2
Usuario453;Female;Islas Marietas;Canada;2016-01;Couple;2
Usuario438;Female;Islas Marietas;Canada;2017-02;Couple;2
Usuario1482;Female;Islas Marietas;Sureste;2017-09;Family;2
Usuario2128;Female;The Jazz Foundation;Estados Unidos;2014-04;Family;2
Usuario393;Female;Islas Marietas;Canada;2017-04;Couple;2
Usuario1148;Female;Islas Marietas;Noreste;2015-11;Friends;2
Usuario261;Male;Isla de Coral;Occidente;2019-09;Family;1
Usuario2258;Male;Santuario de Cocodrilos El Cora;Centro;2020-02;Family;1
Usuario242;Male;Isla de Coral;Centro;2019-10;Couple;1
Usuario2063;Female;The Jazz Foundation;Canada;2014-07;Family;1
Usuario1754;Male;Playa El Anclote;Occidente;2016-05;Friends;1
Usuario986;Female;Islas Marietas;Estados Unidos;2014-12;Couple;1
Usuario2172;Female;The Jazz Foundation;Noroeste;2019-08;Family;1
Usuario2195;Male;The Jazz Foundation;Occidente;2016-06;Family;1
Usuario2177;Male;The Jazz Foundation;Occidente;2018-10;Family;1
Usuario2100;Male;The Jazz Foundation;Estados Unidos;2015-03;Family;1
Usuario1233;Male;Islas Marietas;Occidente;2015-10;Couple;1
Usuario1992;Female;Splash Water Park;Estados Unidos;2015-06;Family;1
Usuario2227;Female;The Jazz Foundation;Peru;2019-07;Family;1
Usuario631;Female;Islas Marietas;Centro;2014-07;Couple;1
Usuario1110;Male;Islas Marietas;Noreste;2015-10;Couple;1
Usuario1065;Female;Islas Marietas;Estados Unidos;2015-06;Friends;1
Usuario1024;Female;Islas Marietas;Estados Unidos;2015-04;Couple;1
Usuario2040;Male;The Jazz Foundation;Canada;2017-03;Family;1
Usuario422;Female;Islas Marietas;Canada;2015-03;Family;1
Usuario1343;Female;Islas Marietas;Occidente;2015-03;Family;1
Usuario2206;Female;The Jazz Foundation;Occidente;2013-08;Family;1
Usuario2028;Female;Splash Water Park;Reino Unido;2016-04;Family;1
Usuario1762;Female;Playa El Anclote;Occidente;2016-06;Couple;1
Usuario1201;Female;Islas Marietas;Noroeste;2015-01;Friends;1
Usuario1987;Female;Splash Water Park;Estados Unidos;2015-05;Family;1
Usuario2085;Female;The Jazz Foundation;Centro;2020-01;Family;1
Usuario210;Male;Galerias Vallarta;Occidente;2018-05;Family;1
Usuario1004;Female;Islas Marietas;Estados Unidos;;Couple;1
Usuario220;Female;Galerias Vallarta;Occidente;2018-04;Family;1
Usuario2116;Male;The Jazz Foundation;Estados Unidos;2016-08;Couple;1
Usuario1853;Female;Playa Los Muertos;Estados Unidos;2017-03;Family;1
Usuario1747;Female;Playa El Anclote;Estados Unidos;2016-07;Alone;1
Usuario1013;Female;Islas Marietas;Estados Unidos;2014-07;Couple;1
Usuario2160;Male;The Jazz Foundation;Noreste;2015-07;Family;1
Usuario408;Female;Islas Marietas;Canada;2013-11;Couple;1
Usuario1012;Female;Islas Marietas;Estados Unidos;2015-06;Friends;1
Usuario965;Female;Islas Marietas;Estados Unidos;2015-06;Couple;1
Usuario2187;Male;The Jazz Foundation;Occidente;2012-07;Friends;1
Usuario1808;Male;Playa Los Muertos;Centro;2017-06;Couple;1
Usuario993;Female;Islas Marietas;Estados Unidos;2014-08;Friends;1
Usuario275;Male;Isla Isabel;Estados Unidos;2017-04;Friends;1
Usuario1983;Male;Splash Water Park;Estados Unidos;2013-08;Family;1
Usuario579;Male;Islas Marietas;Centro;2016-10;Couple;1
Usuario1147;Female;Islas Marietas;Noreste;2016-11;Family;1
Usuario2105;Male;The Jazz Foundation;Estados Unidos;2016-03;Couple;1
